id,machine_id,date,oee,availability,performance,output_quality,status
1,1,2025-03-01,61.64,94.37,94.63,88.7,Offline
2,1,2025-03-02,56.83,57.95,79.4,52.17,Offline
3,1,2025-03-03,67.52,87.47,84.02,52.67,Running
4,1,2025-03-04,58.05,59.57,73.64,93.81,Offline
5,1,2025-03-05,99.0,98.51,90.59,70.81,Running
6,1,2025-03-06,69.96,84.88,72.88,89.11,Running
7,1,2025-03-07,66.45,66.64,69.52,96.25,Offline
8,1,2025-03-08,60.54,54.04,97.25,53.63,Running
9,1,2025-03-09,76.37,87.55,69.59,93.16,Running
10,1,2025-03-10,61.28,84.57,64.77,59.18,Offline
11,1,2025-03-11,79.48,78.37,96.5,52.56,Offline
12,1,2025-03-12,52.99,92.18,94.84,79.71,Running
13,1,2025-03-13,72.47,92.45,63.17,77.05,Running
14,1,2025-03-14,82.9,58.37,60.23,97.29,Offline
15,1,2025-03-15,84.17,58.73,75.51,97.54,Running
16,1,2025-03-16,55.53,96.38,50.71,51.07,Running
17,1,2025-03-17,89.55,73.85,78.63,90.76,Offline
18,1,2025-03-18,93.75,74.46,77.65,88.1,Running
19,1,2025-03-19,69.0,82.34,61.31,51.8,Offline
20,1,2025-03-20,50.75,72.31,82.42,62.85,Running
21,1,2025-03-21,85.9,76.96,79.09,72.78,Offline
22,1,2025-03-22,76.48,93.68,98.73,64.15,Running
23,1,2025-03-23,51.56,61.12,65.33,63.69,Offline
24,1,2025-03-24,60.28,65.77,96.88,64.84,Offline
25,1,2025-03-25,69.22,97.07,64.47,80.57,Running
26,1,2025-03-26,96.84,73.45,88.12,61.31,Offline
27,1,2025-03-27,63.14,58.81,66.13,95.76,Offline
28,1,2025-03-28,95.96,66.45,75.37,90.85,Running
29,1,2025-03-29,75.83,85.22,79.38,93.85,Running
30,1,2025-03-30,87.01,97.81,65.48,91.17,Offline
31,1,2025-03-31,73.23,65.29,86.76,86.75,Offline
32,2,2025-03-01,70.3,79.94,67.52,74.78,Offline
33,2,2025-03-02,75.94,83.06,85.62,50.37,Offline
34,2,2025-03-03,78.87,93.34,85.73,50.11,Running
35,2,2025-03-04,81.65,89.6,61.26,75.99,Offline
36,2,2025-03-05,68.25,98.64,66.33,81.6,Offline
37,2,2025-03-06,50.39,61.65,75.4,72.33,Offline
38,2,2025-03-07,92.12,99.56,97.04,71.62,Running
39,2,2025-03-08,89.22,67.34,84.78,99.44,Running
40,2,2025-03-09,58.45,81.63,68.89,91.89,Offline
41,2,2025-03-10,95.33,82.07,85.85,92.44,Offline
42,2,2025-03-11,70.03,79.56,93.49,76.8,Offline
43,2,2025-03-12,93.74,69.54,65.43,62.48,Offline
44,2,2025-03-13,86.38,58.87,89.96,87.7,Offline
45,2,2025-03-14,85.68,99.92,62.07,96.66,Running
46,2,2025-03-15,77.28,94.59,87.11,62.44,Offline
47,2,2025-03-16,57.98,90.45,72.68,84.23,Offline
48,2,2025-03-17,57.43,91.91,73.99,62.59,Offline
49,2,2025-03-18,52.41,95.15,68.64,52.95,Offline
50,2,2025-03-19,96.69,74.93,87.46,95.93,Offline
51,2,2025-03-20,96.11,78.56,81.82,68.36,Running
52,2,2025-03-21,77.01,74.14,61.7,70.36,Running
53,2,2025-03-22,71.95,90.07,85.43,62.85,Running
54,2,2025-03-23,64.07,54.86,89.53,77.51,Running
55,2,2025-03-24,81.93,78.63,92.1,58.56,Offline
56,2,2025-03-25,85.81,55.07,67.74,52.52,Running
57,2,2025-03-26,71.94,64.16,76.14,92.29,Running
58,2,2025-03-27,55.07,86.05,91.87,77.51,Offline
59,2,2025-03-28,50.92,91.25,85.28,92.22,Offline
60,2,2025-03-29,99.14,50.35,91.96,73.06,Running
61,2,2025-03-30,65.41,75.88,59.76,69.25,Offline
62,2,2025-03-31,97.4,96.32,79.44,70.2,Running
63,3,2025-03-01,77.59,69.29,53.36,56.75,Offline
64,3,2025-03-02,63.17,71.83,91.86,69.5,Running
65,3,2025-03-03,57.61,53.82,75.53,82.26,Running
66,3,2025-03-04,89.28,61.55,69.1,99.5,Running
67,3,2025-03-05,95.4,54.1,71.24,62.73,Offline
68,3,2025-03-06,66.46,96.23,90.01,87.11,Offline
69,3,2025-03-07,99.52,74.74,81.91,70.66,Offline
70,3,2025-03-08,57.53,67.57,70.14,87.14,Offline
71,3,2025-03-09,59.45,90.36,52.57,70.74,Offline
72,3,2025-03-10,70.38,77.27,59.5,90.66,Offline
73,3,2025-03-11,90.1,51.17,81.14,74.68,Offline
74,3,2025-03-12,57.52,50.54,97.51,91.6,Offline
75,3,2025-03-13,92.61,78.23,79.86,90.64,Offline
76,3,2025-03-14,82.6,76.3,95.99,85.47,Offline
77,3,2025-03-15,62.82,91.15,60.77,68.51,Running
78,3,2025-03-16,81.13,59.49,74.95,68.21,Offline
79,3,2025-03-17,80.11,55.55,78.69,84.23,Running
80,3,2025-03-18,67.95,68.34,99.79,69.0,Running
81,3,2025-03-19,60.25,80.9,71.51,54.13,Offline
82,3,2025-03-20,75.91,90.67,69.67,89.47,Offline
83,3,2025-03-21,97.94,50.66,59.0,74.27,Running
84,3,2025-03-22,86.77,68.02,59.19,68.57,Running
85,3,2025-03-23,81.08,54.88,50.81,62.79,Offline
86,3,2025-03-24,56.51,76.14,86.13,89.88,Offline
87,3,2025-03-25,56.26,79.47,92.29,81.61,Offline
88,3,2025-03-26,77.41,94.21,89.59,83.22,Running
89,3,2025-03-27,68.42,69.61,94.17,51.51,Offline
90,3,2025-03-28,96.73,79.13,97.74,59.4,Offline
91,3,2025-03-29,79.24,59.28,93.25,73.38,Running
92,3,2025-03-30,54.12,91.0,86.43,60.64,Offline
93,3,2025-03-31,91.98,51.54,90.67,50.37,Running
94,4,2025-03-01,74.56,96.6,73.25,75.35,Running
95,4,2025-03-02,57.03,52.0,50.61,80.65,Offline
96,4,2025-03-03,77.64,89.84,83.47,67.81,Offline
97,4,2025-03-04,58.26,70.92,89.64,62.3,Offline
98,4,2025-03-05,73.5,72.32,74.03,81.46,Offline
99,4,2025-03-06,61.03,82.01,79.51,78.17,Running
100,4,2025-03-07,96.16,99.0,70.72,85.84,Offline
101,4,2025-03-08,86.37,94.8,80.1,86.91,Offline
102,4,2025-03-09,84.2,51.47,75.6,66.56,Running
103,4,2025-03-10,81.11,91.96,89.4,89.8,Running
104,4,2025-03-11,94.57,56.28,78.13,53.77,Running
105,4,2025-03-12,51.32,80.83,61.26,62.23,Offline
106,4,2025-03-13,54.26,75.62,96.24,53.85,Offline
107,4,2025-03-14,64.45,56.59,86.11,54.84,Offline
108,4,2025-03-15,57.38,78.62,65.56,69.36,Offline
109,4,2025-03-16,69.01,71.62,62.74,66.78,Offline
110,4,2025-03-17,64.43,58.2,55.6,74.65,Offline
111,4,2025-03-18,51.41,52.11,83.67,97.02,Running
112,4,2025-03-19,73.72,57.5,94.37,95.09,Offline
113,4,2025-03-20,57.54,65.67,78.23,80.98,Running
114,4,2025-03-21,64.88,58.33,51.48,78.38,Running
115,4,2025-03-22,92.61,73.67,70.46,55.09,Offline
116,4,2025-03-23,56.85,58.19,88.42,95.14,Offline
117,4,2025-03-24,63.02,88.79,57.36,55.01,Offline
118,4,2025-03-25,90.87,67.85,77.48,58.51,Offline
119,4,2025-03-26,98.62,64.11,68.63,55.46,Running
120,4,2025-03-27,83.11,55.11,85.64,91.65,Offline
121,4,2025-03-28,55.43,53.17,90.69,75.88,Running
122,4,2025-03-29,94.31,75.41,51.11,88.2,Offline
123,4,2025-03-30,92.04,67.03,70.39,94.32,Offline
124,4,2025-03-31,76.5,78.62,90.34,80.14,Offline
125,5,2025-03-01,60.87,97.55,69.42,82.91,Running
126,5,2025-03-02,57.34,94.03,89.04,51.83,Offline
127,5,2025-03-03,93.04,75.96,81.82,54.87,Offline
128,5,2025-03-04,50.08,98.76,74.49,75.72,Running
129,5,2025-03-05,85.22,63.96,86.76,92.53,Offline
130,5,2025-03-06,90.65,73.46,76.56,64.88,Offline
131,5,2025-03-07,96.68,50.41,64.49,57.23,Running
132,5,2025-03-08,80.8,93.71,68.94,55.63,Offline
133,5,2025-03-09,81.66,73.41,80.15,83.83,Offline
134,5,2025-03-10,64.71,85.37,55.0,83.08,Offline
135,5,2025-03-11,91.77,57.63,62.59,98.02,Offline
136,5,2025-03-12,69.86,74.05,82.99,90.06,Offline
137,5,2025-03-13,52.3,87.29,73.94,60.68,Running
138,5,2025-03-14,76.09,68.53,55.82,88.51,Running
139,5,2025-03-15,81.7,53.7,76.99,86.71,Offline
140,5,2025-03-16,63.51,53.65,71.42,96.61,Running
141,5,2025-03-17,86.88,93.69,74.94,58.44,Running
142,5,2025-03-18,63.14,89.67,86.97,65.72,Offline
143,5,2025-03-19,62.29,70.02,87.83,56.37,Offline
144,5,2025-03-20,95.44,79.83,71.06,91.68,Offline
145,5,2025-03-21,54.98,69.08,88.27,67.35,Offline
146,5,2025-03-22,75.11,77.51,63.24,72.6,Offline
147,5,2025-03-23,55.71,51.85,62.96,97.92,Offline
148,5,2025-03-24,51.97,98.91,73.9,84.6,Offline
149,5,2025-03-25,85.64,95.41,51.56,67.5,Offline
150,5,2025-03-26,82.69,78.51,66.93,78.62,Running
151,5,2025-03-27,90.93,99.21,82.88,68.9,Running
152,5,2025-03-28,69.24,99.82,92.4,98.98,Running
153,5,2025-03-29,79.17,66.05,77.92,66.27,Running
154,5,2025-03-30,83.42,53.98,54.71,98.74,Offline
155,5,2025-03-31,81.27,93.7,62.75,52.92,Offline
156,6,2025-03-01,72.9,85.51,98.93,64.53,Offline
157,6,2025-03-02,91.08,82.67,63.72,75.44,Offline
158,6,2025-03-03,68.38,95.73,91.11,58.17,Running
159,6,2025-03-04,87.72,68.86,94.46,79.66,Offline
160,6,2025-03-05,87.84,94.2,51.86,70.64,Offline
161,6,2025-03-06,55.95,99.16,84.62,95.15,Running
162,6,2025-03-07,57.98,55.82,63.12,93.83,Offline
163,6,2025-03-08,76.8,61.49,68.51,95.37,Running
164,6,2025-03-09,94.08,56.8,90.06,55.27,Offline
165,6,2025-03-10,68.7,61.02,93.24,54.98,Running
166,6,2025-03-11,70.83,88.71,77.38,51.41,Running
167,6,2025-03-12,94.26,67.95,86.66,84.81,Offline
168,6,2025-03-13,54.2,63.16,82.16,64.03,Running
169,6,2025-03-14,65.97,69.89,86.71,95.34,Offline
170,6,2025-03-15,73.09,50.95,87.13,64.42,Running
171,6,2025-03-16,94.96,61.36,93.48,61.48,Running
172,6,2025-03-17,62.55,50.18,55.58,61.05,Offline
173,6,2025-03-18,52.81,58.79,90.5,74.29,Running
174,6,2025-03-19,77.05,68.03,87.46,92.65,Offline
175,6,2025-03-20,76.88,93.73,89.06,97.5,Offline
176,6,2025-03-21,80.95,79.12,84.23,77.97,Offline
177,6,2025-03-22,94.81,53.95,77.08,61.47,Offline
178,6,2025-03-23,62.9,70.15,90.95,90.91,Running
179,6,2025-03-24,97.51,50.75,54.8,53.15,Running
180,6,2025-03-25,83.93,79.42,50.56,89.15,Offline
181,6,2025-03-26,54.47,52.12,60.54,82.79,Running
182,6,2025-03-27,61.33,97.0,60.81,75.37,Running
183,6,2025-03-28,97.46,67.52,97.47,65.11,Offline
184,6,2025-03-29,56.61,56.96,75.35,58.72,Offline
185,6,2025-03-30,73.25,56.29,96.17,98.4,Offline
186,6,2025-03-31,52.68,50.4,94.19,62.99,Offline
187,7,2025-03-01,90.67,98.4,53.32,84.91,Offline
188,7,2025-03-02,88.39,59.94,90.16,92.9,Running
189,7,2025-03-03,57.75,63.8,68.68,69.22,Running
190,7,2025-03-04,87.16,56.76,55.5,93.82,Offline
191,7,2025-03-05,83.36,93.3,79.46,88.39,Running
192,7,2025-03-06,68.16,91.63,92.77,94.77,Offline
193,7,2025-03-07,70.25,88.19,71.95,94.64,Offline
194,7,2025-03-08,52.05,93.91,56.29,92.15,Running
195,7,2025-03-09,68.89,80.15,95.6,95.4,Running
196,7,2025-03-10,85.11,50.48,91.62,76.43,Running
197,7,2025-03-11,95.87,92.23,62.03,67.73,Running
198,7,2025-03-12,54.41,52.54,56.52,84.68,Running
199,7,2025-03-13,92.29,88.02,76.04,84.24,Running
200,7,2025-03-14,84.54,54.83,94.77,75.05,Running
201,7,2025-03-15,75.77,70.82,84.42,80.62,Offline
202,7,2025-03-16,52.81,66.14,90.92,59.22,Offline
203,7,2025-03-17,90.19,85.25,82.83,51.93,Running
204,7,2025-03-18,65.22,58.65,57.41,55.96,Running
205,7,2025-03-19,68.6,99.24,67.54,69.31,Offline
206,7,2025-03-20,96.09,61.88,60.66,96.59,Running
207,7,2025-03-21,82.42,57.73,75.18,91.32,Offline
208,7,2025-03-22,83.08,55.23,84.84,73.79,Running
209,7,2025-03-23,84.51,98.5,62.09,78.45,Running
210,7,2025-03-24,80.93,90.62,55.9,90.44,Offline
211,7,2025-03-25,88.05,91.42,78.01,93.16,Offline
212,7,2025-03-26,51.27,70.69,76.64,73.48,Running
213,7,2025-03-27,68.63,70.96,95.41,98.84,Offline
214,7,2025-03-28,91.12,89.47,65.69,95.78,Offline
215,7,2025-03-29,56.22,61.21,75.63,80.02,Running
216,7,2025-03-30,84.09,68.56,78.51,74.18,Running
217,7,2025-03-31,70.32,81.99,54.45,63.97,Running
218,8,2025-03-01,98.78,89.55,88.01,80.6,Running
219,8,2025-03-02,94.73,66.75,87.71,86.65,Offline
220,8,2025-03-03,78.99,95.5,70.83,93.49,Running
221,8,2025-03-04,73.76,58.51,67.15,59.43,Offline
222,8,2025-03-05,51.91,87.63,53.24,72.69,Offline
223,8,2025-03-06,59.23,53.53,96.54,86.65,Running
224,8,2025-03-07,99.11,72.44,56.03,77.14,Offline
225,8,2025-03-08,85.64,75.37,59.07,78.26,Running
226,8,2025-03-09,85.95,69.15,96.45,96.57,Offline
227,8,2025-03-10,73.3,94.05,70.0,66.07,Offline
228,8,2025-03-11,94.07,80.63,97.31,70.31,Offline
229,8,2025-03-12,66.47,92.62,90.96,84.06,Running
230,8,2025-03-13,71.98,51.94,87.35,81.07,Running
231,8,2025-03-14,62.65,57.98,90.83,63.53,Offline
232,8,2025-03-15,68.78,76.96,78.6,74.56,Offline
233,8,2025-03-16,86.08,67.76,94.41,60.84,Running
234,8,2025-03-17,91.34,68.93,66.28,69.02,Offline
235,8,2025-03-18,55.33,73.87,83.58,91.38,Offline
236,8,2025-03-19,79.2,95.45,96.63,90.1,Running
237,8,2025-03-20,92.48,77.75,83.18,78.26,Offline
238,8,2025-03-21,80.68,80.6,61.11,80.43,Running
239,8,2025-03-22,91.25,68.35,52.67,88.73,Running
240,8,2025-03-23,93.97,83.71,60.62,94.85,Offline
241,8,2025-03-24,99.56,99.73,84.82,84.28,Running
242,8,2025-03-25,79.17,80.3,69.11,94.99,Offline
243,8,2025-03-26,67.82,65.38,79.65,85.4,Offline
244,8,2025-03-27,85.07,65.34,61.57,65.21,Running
245,8,2025-03-28,76.75,67.09,71.41,93.06,Offline
246,8,2025-03-29,97.7,83.46,61.64,98.99,Offline
247,8,2025-03-30,85.1,93.52,68.72,97.6,Offline
248,8,2025-03-31,93.47,64.98,52.74,82.85,Offline
249,9,2025-03-01,50.41,50.03,53.45,67.05,Offline
250,9,2025-03-02,74.29,80.59,93.15,80.46,Offline
251,9,2025-03-03,88.22,80.54,78.44,57.03,Offline
252,9,2025-03-04,97.33,97.12,79.03,62.42,Running
253,9,2025-03-05,88.66,87.32,86.01,95.56,Running
254,9,2025-03-06,95.32,52.85,77.64,88.85,Offline
255,9,2025-03-07,72.44,88.87,61.79,98.39,Offline
256,9,2025-03-08,69.57,76.29,94.87,60.22,Running
257,9,2025-03-09,66.77,66.16,82.6,90.92,Offline
258,9,2025-03-10,53.15,83.41,63.68,73.28,Offline
259,9,2025-03-11,51.54,74.27,81.67,84.55,Offline
260,9,2025-03-12,55.02,78.76,51.76,73.44,Running
261,9,2025-03-13,68.95,83.47,81.3,90.3,Offline
262,9,2025-03-14,78.5,68.12,67.84,72.41,Offline
263,9,2025-03-15,91.54,83.51,77.08,69.93,Running
264,9,2025-03-16,96.1,88.13,56.89,56.44,Running
265,9,2025-03-17,53.25,50.09,75.57,64.02,Running
266,9,2025-03-18,87.1,67.41,52.68,92.73,Running
267,9,2025-03-19,76.22,50.13,72.95,70.6,Running
268,9,2025-03-20,65.12,91.79,75.59,86.83,Running
269,9,2025-03-21,73.06,53.02,68.09,88.49,Offline
270,9,2025-03-22,79.09,74.86,68.2,56.26,Offline
271,9,2025-03-23,86.65,62.87,82.93,51.53,Offline
272,9,2025-03-24,96.69,65.09,79.12,77.15,Offline
273,9,2025-03-25,59.97,77.02,92.74,68.74,Running
274,9,2025-03-26,96.59,64.72,96.49,81.85,Offline
275,9,2025-03-27,60.11,63.31,90.56,73.55,Running
276,9,2025-03-28,59.33,81.3,93.21,57.22,Offline
277,9,2025-03-29,53.27,84.54,99.58,53.62,Offline
278,9,2025-03-30,52.16,58.24,63.2,56.11,Offline
279,9,2025-03-31,69.24,51.13,71.73,60.45,Offline
280,10,2025-03-01,69.35,64.65,61.47,96.2,Offline
281,10,2025-03-02,78.99,95.75,92.59,67.44,Running
282,10,2025-03-03,58.77,51.28,93.8,83.62,Offline
283,10,2025-03-04,81.8,61.93,52.34,68.28,Running
284,10,2025-03-05,79.61,76.01,59.48,97.99,Offline
285,10,2025-03-06,75.22,92.34,85.85,83.32,Running
286,10,2025-03-07,58.25,76.4,95.13,67.75,Offline
287,10,2025-03-08,78.21,68.39,88.54,86.73,Offline
288,10,2025-03-09,86.31,73.94,98.44,78.01,Offline
289,10,2025-03-10,80.88,90.4,82.21,71.9,Running
290,10,2025-03-11,93.83,52.74,74.5,82.16,Running
291,10,2025-03-12,58.99,85.27,68.83,98.21,Offline
292,10,2025-03-13,58.7,90.11,61.25,81.42,Running
293,10,2025-03-14,71.25,74.15,94.74,54.52,Running
294,10,2025-03-15,61.27,58.41,77.4,86.21,Offline
295,10,2025-03-16,89.14,90.38,86.02,81.47,Offline
296,10,2025-03-17,85.35,95.79,99.89,81.55,Offline
297,10,2025-03-18,79.9,70.79,77.83,63.03,Offline
298,10,2025-03-19,83.06,69.49,53.0,99.56,Running
299,10,2025-03-20,64.79,62.17,80.27,78.48,Offline
300,10,2025-03-21,72.14,83.36,82.93,90.05,Running
301,10,2025-03-22,65.36,51.05,56.16,57.56,Running
302,10,2025-03-23,93.89,79.68,70.01,91.73,Offline
303,10,2025-03-24,83.0,62.15,58.21,63.62,Offline
304,10,2025-03-25,50.57,54.6,53.36,64.11,Offline
305,10,2025-03-26,63.81,57.28,73.73,56.41,Offline
306,10,2025-03-27,81.57,79.57,85.17,87.13,Offline
307,10,2025-03-28,99.5,53.98,63.7,95.51,Offline
308,10,2025-03-29,78.28,95.74,92.03,81.79,Offline
309,10,2025-03-30,54.58,97.9,92.22,89.51,Running
310,10,2025-03-31,84.73,77.85,81.94,96.32,Offline
311,11,2025-03-01,65.59,73.51,83.23,51.55,Offline
312,11,2025-03-02,62.65,98.93,96.23,90.93,Offline
313,11,2025-03-03,71.59,74.92,57.02,75.44,Running
314,11,2025-03-04,50.5,73.76,95.14,87.41,Running
315,11,2025-03-05,91.03,70.33,60.02,83.76,Offline
316,11,2025-03-06,87.71,68.75,63.67,51.69,Offline
317,11,2025-03-07,73.46,72.76,76.73,70.27,Running
318,11,2025-03-08,65.55,69.86,97.28,67.48,Running
319,11,2025-03-09,87.17,99.39,83.83,51.01,Offline
320,11,2025-03-10,91.82,71.84,75.26,74.23,Running
321,11,2025-03-11,80.61,56.39,64.41,63.33,Offline
322,11,2025-03-12,75.91,71.63,55.94,89.34,Running
323,11,2025-03-13,51.66,87.33,62.86,67.89,Running
324,11,2025-03-14,61.18,57.71,98.54,66.64,Running
325,11,2025-03-15,68.5,98.69,94.12,86.96,Offline
326,11,2025-03-16,78.02,88.42,67.72,90.08,Offline
327,11,2025-03-17,93.93,77.22,81.01,52.68,Offline
328,11,2025-03-18,50.85,60.01,93.36,99.49,Running
329,11,2025-03-19,82.28,64.12,62.38,95.59,Running
330,11,2025-03-20,69.83,58.39,90.4,91.6,Offline
331,11,2025-03-21,54.04,59.75,54.44,92.16,Running
332,11,2025-03-22,66.16,61.88,92.61,80.23,Offline
333,11,2025-03-23,59.26,63.83,97.27,91.02,Offline
334,11,2025-03-24,60.8,99.56,68.12,88.25,Running
335,11,2025-03-25,76.96,50.23,96.69,86.86,Running
336,11,2025-03-26,76.09,89.97,71.48,96.98,Offline
337,11,2025-03-27,53.56,88.32,75.29,58.51,Offline
338,11,2025-03-28,52.78,97.71,52.22,55.53,Running
339,11,2025-03-29,96.61,80.86,57.39,99.42,Running
340,11,2025-03-30,61.38,96.77,68.96,53.78,Offline
341,11,2025-03-31,56.72,59.79,52.8,99.53,Offline
342,12,2025-03-01,87.54,71.33,62.24,85.09,Offline
343,12,2025-03-02,98.4,70.79,80.94,84.1,Running
344,12,2025-03-03,71.26,61.3,66.09,81.59,Running
345,12,2025-03-04,90.3,74.02,79.74,98.47,Running
346,12,2025-03-05,72.98,78.74,65.1,58.64,Offline
347,12,2025-03-06,93.98,88.14,55.85,57.14,Running
348,12,2025-03-07,95.53,91.02,68.41,74.37,Offline
349,12,2025-03-08,71.4,88.03,63.38,96.71,Running
350,12,2025-03-09,69.52,83.68,97.23,59.65,Offline
351,12,2025-03-10,52.36,76.27,76.73,90.66,Offline
352,12,2025-03-11,81.43,79.81,54.27,95.93,Offline
353,12,2025-03-12,72.06,67.43,76.15,67.61,Offline
354,12,2025-03-13,64.46,58.39,87.55,71.05,Running
355,12,2025-03-14,88.76,55.37,62.29,55.63,Offline
356,12,2025-03-15,54.5,67.6,82.35,99.43,Offline
357,12,2025-03-16,95.53,81.08,74.16,69.81,Offline
358,12,2025-03-17,60.35,71.4,52.41,84.42,Offline
359,12,2025-03-18,89.77,72.67,80.85,94.25,Offline
360,12,2025-03-19,54.27,58.1,90.58,67.92,Offline
361,12,2025-03-20,87.29,81.91,54.62,50.95,Running
362,12,2025-03-21,93.87,52.33,62.58,80.08,Offline
363,12,2025-03-22,69.2,62.47,84.63,59.38,Running
364,12,2025-03-23,74.52,89.43,54.99,64.19,Offline
365,12,2025-03-24,75.56,96.95,68.47,52.13,Running
366,12,2025-03-25,55.02,98.37,74.86,52.04,Running
367,12,2025-03-26,70.11,69.46,62.93,85.06,Running
368,12,2025-03-27,93.05,96.86,85.97,75.74,Running
369,12,2025-03-28,66.44,79.11,58.2,51.44,Offline
370,12,2025-03-29,52.02,52.52,66.62,63.51,Running
371,12,2025-03-30,78.72,90.64,96.87,70.11,Running
372,12,2025-03-31,90.16,65.88,69.15,70.72,Offline
373,13,2025-03-01,79.88,87.9,78.57,89.47,Running
374,13,2025-03-02,86.43,86.18,80.86,61.6,Running
375,13,2025-03-03,86.76,64.57,81.29,51.24,Offline
376,13,2025-03-04,93.57,75.16,93.26,59.48,Running
377,13,2025-03-05,94.41,51.28,66.44,94.08,Running
378,13,2025-03-06,68.97,90.18,85.01,95.21,Offline
379,13,2025-03-07,97.72,56.5,89.87,69.89,Running
380,13,2025-03-08,86.34,90.52,60.01,79.28,Running
381,13,2025-03-09,68.91,52.72,65.92,95.59,Offline
382,13,2025-03-10,87.7,89.47,76.27,78.71,Running
383,13,2025-03-11,56.9,56.99,75.08,95.39,Running
384,13,2025-03-12,91.16,96.83,83.39,74.22,Running
385,13,2025-03-13,72.46,76.53,91.11,54.71,Running
386,13,2025-03-14,96.44,82.16,70.49,50.72,Running
387,13,2025-03-15,79.7,81.33,92.89,76.94,Running
388,13,2025-03-16,76.23,71.1,67.19,81.22,Running
389,13,2025-03-17,79.01,55.35,83.38,52.83,Running
390,13,2025-03-18,92.67,55.24,82.5,75.18,Offline
391,13,2025-03-19,75.56,88.72,64.36,98.38,Offline
392,13,2025-03-20,99.48,72.16,89.15,50.86,Running
393,13,2025-03-21,89.05,65.08,75.37,73.67,Running
394,13,2025-03-22,84.97,87.49,76.74,53.04,Offline
395,13,2025-03-23,55.12,77.97,88.08,64.58,Offline
396,13,2025-03-24,78.84,63.56,84.12,63.1,Running
397,13,2025-03-25,94.34,71.24,80.64,58.68,Offline
398,13,2025-03-26,65.96,71.48,52.83,59.83,Offline
399,13,2025-03-27,76.53,58.06,56.44,66.33,Running
400,13,2025-03-28,97.93,52.66,61.33,65.32,Running
401,13,2025-03-29,83.0,94.06,59.65,86.1,Offline
402,13,2025-03-30,57.04,67.92,68.94,62.71,Offline
403,13,2025-03-31,99.96,58.92,86.46,81.07,Offline
404,14,2025-03-01,71.84,87.88,67.28,78.69,Offline
405,14,2025-03-02,97.79,74.83,83.64,86.88,Running
406,14,2025-03-03,58.74,70.64,98.29,79.8,Offline
407,14,2025-03-04,94.74,69.29,88.77,54.52,Offline
408,14,2025-03-05,54.56,97.85,73.31,73.55,Running
409,14,2025-03-06,69.81,51.81,76.82,89.68,Running
410,14,2025-03-07,77.15,68.88,99.7,68.97,Offline
411,14,2025-03-08,99.21,88.43,86.78,60.82,Running
412,14,2025-03-09,56.69,90.09,57.52,96.99,Offline
413,14,2025-03-10,63.07,86.5,59.88,91.86,Running
414,14,2025-03-11,61.22,73.83,86.54,84.54,Offline
415,14,2025-03-12,69.04,93.76,53.63,61.47,Offline
416,14,2025-03-13,80.8,78.82,86.55,95.63,Offline
417,14,2025-03-14,78.74,82.51,55.55,53.78,Offline
418,14,2025-03-15,50.78,67.93,58.26,95.29,Running
419,14,2025-03-16,53.18,65.75,89.13,68.22,Running
420,14,2025-03-17,59.18,57.21,65.81,54.32,Running
421,14,2025-03-18,73.93,58.09,63.98,58.22,Offline
422,14,2025-03-19,66.87,82.16,87.93,73.67,Offline
423,14,2025-03-20,86.47,68.23,50.22,69.0,Offline
424,14,2025-03-21,70.72,56.66,59.24,88.04,Running
425,14,2025-03-22,86.32,91.7,68.16,67.17,Running
426,14,2025-03-23,81.83,78.17,51.5,96.05,Running
427,14,2025-03-24,63.58,70.06,88.94,56.63,Offline
428,14,2025-03-25,98.14,53.84,88.97,86.2,Offline
429,14,2025-03-26,91.39,94.93,99.63,64.06,Offline
430,14,2025-03-27,99.32,62.49,68.36,87.18,Running
431,14,2025-03-28,99.21,96.62,78.32,98.67,Running
432,14,2025-03-29,76.26,88.67,58.95,93.26,Running
433,14,2025-03-30,72.68,92.25,72.46,69.48,Running
434,14,2025-03-31,98.45,90.3,97.75,59.33,Offline
435,15,2025-03-01,74.29,85.4,55.1,86.93,Offline
436,15,2025-03-02,81.06,87.68,67.73,59.58,Running
437,15,2025-03-03,87.1,53.44,97.36,93.26,Offline
438,15,2025-03-04,82.28,77.22,62.7,61.4,Offline
439,15,2025-03-05,70.81,96.5,66.99,61.19,Running
440,15,2025-03-06,68.23,90.06,56.74,63.0,Running
441,15,2025-03-07,81.36,71.18,89.53,78.89,Offline
442,15,2025-03-08,73.94,97.12,54.15,82.89,Offline
443,15,2025-03-09,65.01,91.22,85.81,99.04,Offline
444,15,2025-03-10,90.96,82.13,54.42,92.47,Offline
445,15,2025-03-11,52.8,65.73,79.84,96.87,Running
446,15,2025-03-12,99.16,79.94,60.29,66.84,Offline
447,15,2025-03-13,71.6,84.48,75.41,68.86,Offline
448,15,2025-03-14,51.97,96.84,76.82,74.94,Offline
449,15,2025-03-15,64.29,72.56,54.93,94.06,Running
450,15,2025-03-16,99.33,71.13,70.88,88.35,Running
451,15,2025-03-17,60.47,85.89,63.28,74.67,Running
452,15,2025-03-18,82.22,74.36,77.41,73.94,Running
453,15,2025-03-19,94.16,61.12,55.84,56.47,Offline
454,15,2025-03-20,94.27,78.97,59.12,76.2,Offline
455,15,2025-03-21,77.97,53.4,53.09,71.17,Offline
456,15,2025-03-22,63.1,96.48,57.97,56.49,Offline
457,15,2025-03-23,53.37,93.93,83.16,58.95,Running
458,15,2025-03-24,87.51,60.9,59.7,75.41,Offline
459,15,2025-03-25,78.07,54.74,74.99,99.62,Offline
460,15,2025-03-26,57.4,68.93,64.22,97.17,Running
461,15,2025-03-27,58.38,51.33,54.23,80.87,Offline
462,15,2025-03-28,80.98,85.18,95.56,72.8,Offline
463,15,2025-03-29,58.59,60.16,86.82,98.67,Running
464,15,2025-03-30,92.45,57.97,51.68,80.4,Offline
465,15,2025-03-31,53.22,50.73,75.32,80.21,Offline
466,16,2025-03-01,93.82,54.26,75.6,77.19,Running
467,16,2025-03-02,99.68,64.97,96.57,89.4,Offline
468,16,2025-03-03,82.34,93.72,81.65,75.31,Offline
469,16,2025-03-04,55.0,77.37,84.4,81.11,Running
470,16,2025-03-05,51.7,91.26,83.04,91.46,Offline
471,16,2025-03-06,84.15,53.0,58.71,62.78,Running
472,16,2025-03-07,78.94,57.43,90.76,78.84,Running
473,16,2025-03-08,56.86,63.92,66.87,66.08,Offline
474,16,2025-03-09,96.77,66.19,77.65,83.6,Running
475,16,2025-03-10,60.0,65.07,89.28,62.02,Offline
476,16,2025-03-11,89.08,89.86,56.67,50.93,Running
477,16,2025-03-12,87.46,92.7,88.34,99.35,Running
478,16,2025-03-13,97.65,94.3,59.68,93.23,Offline
479,16,2025-03-14,96.76,66.06,57.74,52.87,Running
480,16,2025-03-15,56.84,57.32,57.05,77.81,Running
481,16,2025-03-16,90.94,73.8,74.92,51.77,Offline
482,16,2025-03-17,83.62,72.91,85.17,78.21,Offline
483,16,2025-03-18,80.5,94.71,81.47,63.9,Running
484,16,2025-03-19,89.75,61.45,65.89,97.84,Running
485,16,2025-03-20,60.92,51.15,91.39,83.34,Offline
486,16,2025-03-21,72.95,57.55,57.99,97.63,Offline
487,16,2025-03-22,66.73,70.74,58.83,77.52,Running
488,16,2025-03-23,59.08,96.57,99.78,68.49,Running
489,16,2025-03-24,73.42,94.74,84.63,52.11,Offline
490,16,2025-03-25,99.97,78.0,80.13,51.97,Offline
491,16,2025-03-26,91.42,99.37,55.21,89.76,Offline
492,16,2025-03-27,50.82,78.57,84.59,53.69,Running
493,16,2025-03-28,68.47,62.93,71.99,74.87,Running
494,16,2025-03-29,89.72,74.06,76.59,68.58,Offline
495,16,2025-03-30,56.39,72.1,62.46,77.55,Offline
496,16,2025-03-31,79.37,87.82,59.99,63.88,Offline
497,17,2025-03-01,69.15,82.73,82.86,82.14,Offline
498,17,2025-03-02,73.34,80.68,50.28,50.79,Offline
499,17,2025-03-03,63.94,80.2,93.11,85.02,Running
500,17,2025-03-04,87.59,83.83,82.45,73.39,Running
501,17,2025-03-05,57.63,64.96,86.02,90.02,Running
502,17,2025-03-06,55.76,77.06,68.76,95.6,Offline
503,17,2025-03-07,79.65,71.71,95.59,89.01,Running
504,17,2025-03-08,97.75,60.18,53.62,60.88,Running
505,17,2025-03-09,95.65,99.65,86.16,71.78,Running
506,17,2025-03-10,95.73,87.73,94.23,60.42,Offline
507,17,2025-03-11,96.36,94.79,85.01,77.81,Running
508,17,2025-03-12,73.63,83.01,95.24,74.69,Running
509,17,2025-03-13,86.36,96.35,80.25,96.79,Running
510,17,2025-03-14,62.84,68.58,89.64,70.43,Offline
511,17,2025-03-15,79.71,88.59,85.94,93.27,Offline
512,17,2025-03-16,67.72,78.42,63.1,92.89,Offline
513,17,2025-03-17,90.47,58.12,78.91,64.26,Offline
514,17,2025-03-18,63.31,88.72,69.3,85.38,Offline
515,17,2025-03-19,76.63,78.51,77.97,73.34,Running
516,17,2025-03-20,85.71,58.55,50.43,67.17,Offline
517,17,2025-03-21,78.79,54.19,59.76,89.56,Offline
518,17,2025-03-22,81.0,80.81,88.63,86.91,Running
519,17,2025-03-23,88.35,65.2,98.16,91.85,Offline
520,17,2025-03-24,78.14,95.58,68.94,69.32,Offline
521,17,2025-03-25,54.79,69.42,69.03,64.75,Offline
522,17,2025-03-26,68.17,91.06,73.17,90.28,Running
523,17,2025-03-27,68.74,81.47,94.69,90.2,Offline
524,17,2025-03-28,99.74,64.55,81.71,69.26,Offline
525,17,2025-03-29,50.01,64.11,71.96,60.65,Offline
526,17,2025-03-30,79.82,61.6,83.42,87.94,Running
527,17,2025-03-31,97.15,80.25,83.13,50.2,Running
528,18,2025-03-01,76.32,73.71,56.0,84.64,Offline
529,18,2025-03-02,52.53,65.58,56.1,61.02,Offline
530,18,2025-03-03,73.29,84.93,84.55,87.7,Running
531,18,2025-03-04,67.0,69.17,68.11,61.11,Offline
532,18,2025-03-05,70.8,93.48,92.84,84.6,Offline
533,18,2025-03-06,84.26,94.57,78.12,88.86,Offline
534,18,2025-03-07,82.62,67.79,91.36,87.71,Offline
535,18,2025-03-08,97.41,85.48,96.47,56.33,Offline
536,18,2025-03-09,75.16,68.81,66.28,82.18,Running
537,18,2025-03-10,97.34,87.85,51.2,66.04,Offline
538,18,2025-03-11,98.62,69.2,50.0,54.95,Running
539,18,2025-03-12,68.42,76.71,80.24,73.13,Running
540,18,2025-03-13,69.27,91.28,59.85,65.56,Offline
541,18,2025-03-14,96.72,89.74,54.79,51.73,Offline
542,18,2025-03-15,75.83,59.08,94.42,51.68,Offline
543,18,2025-03-16,59.77,71.44,61.48,86.66,Running
544,18,2025-03-17,96.54,69.05,62.93,92.03,Running
545,18,2025-03-18,66.55,75.36,73.76,56.27,Offline
546,18,2025-03-19,51.18,65.09,54.86,71.52,Offline
547,18,2025-03-20,67.04,92.09,83.16,97.93,Running
548,18,2025-03-21,94.04,63.41,55.68,52.06,Offline
549,18,2025-03-22,86.51,66.86,86.72,85.55,Offline
550,18,2025-03-23,91.71,82.88,76.23,65.18,Running
551,18,2025-03-24,51.25,88.03,65.53,59.35,Offline
552,18,2025-03-25,62.59,79.73,73.18,55.91,Running
553,18,2025-03-26,57.13,77.3,86.75,89.47,Offline
554,18,2025-03-27,96.35,54.21,86.34,90.62,Running
555,18,2025-03-28,62.69,60.88,53.67,58.28,Running
556,18,2025-03-29,79.61,82.67,95.98,55.69,Running
557,18,2025-03-30,88.37,54.02,81.93,94.31,Offline
558,18,2025-03-31,66.55,88.49,64.7,80.46,Running
559,19,2025-03-01,58.63,53.59,94.17,60.91,Running
560,19,2025-03-02,73.44,70.6,64.34,85.43,Running
561,19,2025-03-03,97.51,85.45,96.69,80.96,Running
562,19,2025-03-04,56.29,90.12,64.27,99.76,Running
563,19,2025-03-05,56.87,66.31,72.52,66.5,Running
564,19,2025-03-06,50.21,58.25,77.17,77.72,Offline
565,19,2025-03-07,99.38,68.63,76.55,57.93,Offline
566,19,2025-03-08,72.7,50.38,73.2,78.17,Offline
567,19,2025-03-09,80.4,82.91,88.02,74.01,Offline
568,19,2025-03-10,75.75,70.76,54.66,52.81,Running
569,19,2025-03-11,60.4,98.96,51.99,62.05,Offline
570,19,2025-03-12,99.84,98.38,96.73,62.62,Offline
571,19,2025-03-13,88.88,50.91,60.57,58.99,Offline
572,19,2025-03-14,72.22,77.22,89.7,65.96,Offline
573,19,2025-03-15,93.47,63.47,88.46,54.63,Running
574,19,2025-03-16,93.39,79.27,67.62,91.47,Offline
575,19,2025-03-17,79.98,93.07,80.3,50.19,Running
576,19,2025-03-18,84.54,81.84,69.22,66.94,Offline
577,19,2025-03-19,53.61,61.91,61.65,50.15,Running
578,19,2025-03-20,59.74,54.1,86.85,58.1,Offline
579,19,2025-03-21,56.39,65.06,82.73,56.0,Offline
580,19,2025-03-22,78.66,64.4,70.84,82.0,Offline
581,19,2025-03-23,59.47,89.2,85.77,60.79,Running
582,19,2025-03-24,72.25,95.64,66.81,76.86,Running
583,19,2025-03-25,98.76,56.87,74.39,69.07,Offline
584,19,2025-03-26,98.54,83.11,83.16,62.01,Running
585,19,2025-03-27,53.82,95.76,81.74,81.7,Offline
586,19,2025-03-28,92.07,85.32,52.2,90.28,Offline
587,19,2025-03-29,68.04,65.18,58.54,71.35,Offline
588,19,2025-03-30,93.53,67.24,85.05,85.02,Offline
589,19,2025-03-31,86.8,68.27,96.27,55.36,Offline
590,20,2025-03-01,78.44,92.74,88.5,64.32,Offline
591,20,2025-03-02,53.03,65.44,90.07,88.5,Offline
592,20,2025-03-03,92.47,89.93,91.48,74.19,Running
593,20,2025-03-04,91.52,81.16,67.22,92.37,Offline
594,20,2025-03-05,77.45,71.69,95.6,99.27,Running
595,20,2025-03-06,59.28,61.5,70.59,61.21,Offline
596,20,2025-03-07,91.79,76.53,85.99,58.6,Offline
597,20,2025-03-08,90.69,77.42,92.51,83.89,Offline
598,20,2025-03-09,62.79,82.33,63.25,66.22,Running
599,20,2025-03-10,65.36,68.35,73.14,60.42,Running
600,20,2025-03-11,52.85,65.26,87.63,82.16,Running
601,20,2025-03-12,85.88,93.97,62.82,53.01,Running
602,20,2025-03-13,77.83,90.32,57.97,87.08,Offline
603,20,2025-03-14,87.92,75.4,80.51,99.48,Offline
604,20,2025-03-15,51.93,58.85,76.25,92.34,Offline
605,20,2025-03-16,85.17,72.79,56.58,86.78,Running
606,20,2025-03-17,55.78,96.64,74.42,95.32,Offline
607,20,2025-03-18,53.99,98.07,87.24,52.22,Running
608,20,2025-03-19,71.78,88.82,84.64,98.43,Offline
609,20,2025-03-20,87.53,58.7,67.09,81.86,Running
610,20,2025-03-21,96.32,73.04,94.72,70.29,Running
611,20,2025-03-22,76.76,93.48,50.81,97.2,Running
612,20,2025-03-23,86.58,97.25,97.55,71.82,Offline
613,20,2025-03-24,57.95,75.2,97.15,97.97,Offline
614,20,2025-03-25,65.57,79.79,75.09,65.33,Offline
615,20,2025-03-26,72.92,97.19,53.41,77.0,Running
616,20,2025-03-27,67.78,98.07,54.75,70.79,Running
617,20,2025-03-28,67.14,82.35,67.79,59.14,Running
618,20,2025-03-29,59.57,58.9,62.1,75.37,Offline
619,20,2025-03-30,79.28,73.2,67.42,61.9,Offline
620,20,2025-03-31,89.35,56.87,89.46,88.01,Running
621,21,2025-03-01,95.26,72.78,87.49,57.88,Running
622,21,2025-03-02,93.13,99.32,68.07,69.14,Running
623,21,2025-03-03,70.29,69.61,57.74,63.3,Offline
624,21,2025-03-04,66.64,97.68,85.87,71.69,Running
625,21,2025-03-05,86.39,92.43,94.93,51.72,Running
626,21,2025-03-06,51.53,90.13,81.04,83.66,Running
627,21,2025-03-07,59.05,86.42,63.68,97.04,Offline
628,21,2025-03-08,54.83,89.85,76.7,53.96,Running
629,21,2025-03-09,69.12,62.16,68.89,78.8,Offline
630,21,2025-03-10,93.75,73.94,67.61,70.47,Running
631,21,2025-03-11,57.81,69.68,54.68,60.19,Running
632,21,2025-03-12,51.2,71.41,72.33,64.16,Offline
633,21,2025-03-13,55.04,68.13,65.68,64.58,Running
634,21,2025-03-14,63.69,61.99,72.09,71.28,Running
635,21,2025-03-15,52.17,80.09,60.68,79.64,Running
636,21,2025-03-16,66.2,56.77,57.69,75.6,Offline
637,21,2025-03-17,85.26,77.95,88.31,97.91,Offline
638,21,2025-03-18,71.59,67.98,56.74,64.99,Running
639,21,2025-03-19,60.26,61.22,57.34,52.18,Offline
640,21,2025-03-20,56.79,66.27,97.21,63.0,Running
641,21,2025-03-21,73.22,62.63,81.39,91.87,Offline
642,21,2025-03-22,65.58,97.86,94.03,92.34,Running
643,21,2025-03-23,54.38,70.03,59.85,82.42,Running
644,21,2025-03-24,86.53,96.41,80.69,56.43,Offline
645,21,2025-03-25,61.96,66.27,53.0,63.12,Offline
646,21,2025-03-26,56.91,62.9,94.36,86.35,Running
647,21,2025-03-27,78.92,67.56,83.1,70.58,Running
648,21,2025-03-28,80.06,57.43,78.98,81.51,Running
649,21,2025-03-29,64.41,80.68,66.66,75.34,Running
650,21,2025-03-30,79.77,58.8,53.46,66.48,Offline
651,21,2025-03-31,65.62,81.97,69.92,70.64,Running
652,22,2025-03-01,65.31,52.71,79.05,97.57,Offline
653,22,2025-03-02,67.3,77.72,84.5,98.89,Running
654,22,2025-03-03,73.82,96.8,66.67,66.57,Offline
655,22,2025-03-04,80.93,83.23,98.05,82.1,Running
656,22,2025-03-05,56.34,60.76,53.02,64.45,Offline
657,22,2025-03-06,72.97,50.82,98.25,62.18,Running
658,22,2025-03-07,96.35,89.49,52.45,80.16,Offline
659,22,2025-03-08,65.66,80.49,94.6,67.4,Offline
660,22,2025-03-09,57.31,58.83,94.44,60.02,Running
661,22,2025-03-10,83.64,50.28,68.49,73.1,Running
662,22,2025-03-11,99.26,82.92,64.76,86.2,Offline
663,22,2025-03-12,60.47,98.23,55.44,75.47,Offline
664,22,2025-03-13,66.0,68.8,76.71,63.97,Offline
665,22,2025-03-14,51.46,95.13,68.9,85.25,Running
666,22,2025-03-15,87.47,60.03,58.08,69.21,Offline
667,22,2025-03-16,54.87,74.74,55.83,57.46,Running
668,22,2025-03-17,67.1,86.15,90.93,52.83,Offline
669,22,2025-03-18,83.32,52.33,74.62,91.81,Offline
670,22,2025-03-19,64.09,99.94,75.74,59.42,Offline
671,22,2025-03-20,88.34,75.55,97.47,57.41,Offline
672,22,2025-03-21,61.13,94.63,70.0,88.09,Running
673,22,2025-03-22,50.48,69.45,50.54,92.04,Offline
674,22,2025-03-23,78.88,59.59,80.01,67.44,Running
675,22,2025-03-24,81.42,74.73,79.97,89.99,Offline
676,22,2025-03-25,50.76,78.28,82.23,95.64,Running
677,22,2025-03-26,95.92,64.0,94.8,65.13,Offline
678,22,2025-03-27,74.9,85.63,84.03,66.1,Offline
679,22,2025-03-28,96.99,67.38,66.76,99.76,Offline
680,22,2025-03-29,74.53,70.59,74.21,98.41,Running
681,22,2025-03-30,92.79,61.37,86.57,61.94,Running
682,22,2025-03-31,53.68,72.37,86.04,83.2,Running
683,23,2025-03-01,69.68,71.91,76.75,51.53,Offline
684,23,2025-03-02,90.02,81.07,60.76,93.3,Offline
685,23,2025-03-03,87.93,78.9,52.6,52.03,Offline
686,23,2025-03-04,94.33,89.85,65.56,65.22,Offline
687,23,2025-03-05,96.72,69.85,84.45,90.24,Running
688,23,2025-03-06,98.99,58.01,58.03,64.46,Running
689,23,2025-03-07,56.44,94.51,84.05,96.21,Running
690,23,2025-03-08,78.22,52.61,82.78,64.28,Offline
691,23,2025-03-09,77.96,69.98,83.57,60.7,Running
692,23,2025-03-10,53.39,53.93,70.32,79.15,Running
693,23,2025-03-11,91.6,60.78,68.08,76.14,Offline
694,23,2025-03-12,82.83,85.46,70.28,77.32,Offline
695,23,2025-03-13,94.53,54.34,72.85,66.39,Running
696,23,2025-03-14,85.2,57.07,75.31,81.08,Running
697,23,2025-03-15,53.51,76.88,61.08,65.08,Offline
698,23,2025-03-16,72.87,59.73,59.29,64.14,Running
699,23,2025-03-17,51.45,53.78,51.6,66.75,Running
700,23,2025-03-18,70.11,91.69,59.68,73.43,Offline
701,23,2025-03-19,87.5,82.86,99.52,68.67,Offline
702,23,2025-03-20,77.16,66.01,76.3,85.07,Running
703,23,2025-03-21,75.27,65.19,97.08,90.72,Offline
704,23,2025-03-22,55.97,68.14,63.58,88.62,Offline
705,23,2025-03-23,89.95,97.87,92.19,97.27,Running
706,23,2025-03-24,89.98,85.19,77.98,97.97,Offline
707,23,2025-03-25,99.15,59.1,89.77,91.87,Offline
708,23,2025-03-26,90.38,97.9,79.59,65.1,Offline
709,23,2025-03-27,82.16,71.57,88.59,51.47,Running
710,23,2025-03-28,75.57,84.05,64.24,96.06,Running
711,23,2025-03-29,66.45,73.99,88.86,81.65,Offline
712,23,2025-03-30,84.52,50.56,53.27,93.26,Running
713,23,2025-03-31,90.89,56.82,83.45,76.9,Offline
714,24,2025-03-01,64.13,51.29,63.99,55.95,Offline
715,24,2025-03-02,92.63,98.44,54.47,96.48,Offline
716,24,2025-03-03,50.52,80.63,56.38,63.91,Offline
717,24,2025-03-04,97.09,51.0,70.41,51.23,Offline
718,24,2025-03-05,98.76,93.32,57.19,52.33,Running
719,24,2025-03-06,73.71,74.82,88.36,69.44,Offline
720,24,2025-03-07,94.46,66.08,57.33,51.3,Offline
721,24,2025-03-08,54.75,60.38,52.08,51.26,Running
722,24,2025-03-09,81.61,61.6,61.23,54.44,Running
723,24,2025-03-10,59.4,99.45,59.82,97.26,Offline
724,24,2025-03-11,67.33,98.84,74.49,61.96,Offline
725,24,2025-03-12,87.0,91.87,78.58,81.94,Offline
726,24,2025-03-13,92.29,82.88,89.91,74.34,Running
727,24,2025-03-14,96.01,75.63,61.41,88.89,Running
728,24,2025-03-15,66.96,85.68,96.35,63.55,Running
729,24,2025-03-16,51.14,93.74,89.87,80.63,Offline
730,24,2025-03-17,75.93,79.85,94.78,75.91,Running
731,24,2025-03-18,89.97,82.06,76.46,91.7,Offline
732,24,2025-03-19,63.04,69.28,98.03,98.64,Offline
733,24,2025-03-20,90.32,86.43,71.4,97.29,Offline
734,24,2025-03-21,72.59,95.81,90.56,89.76,Running
735,24,2025-03-22,70.16,68.76,84.92,95.83,Offline
736,24,2025-03-23,68.24,59.6,90.23,90.86,Running
737,24,2025-03-24,82.91,96.38,99.06,76.9,Running
738,24,2025-03-25,71.18,84.26,96.7,65.49,Offline
739,24,2025-03-26,70.73,92.3,64.51,71.2,Offline
740,24,2025-03-27,96.07,69.08,66.54,81.88,Running
741,24,2025-03-28,87.51,67.7,57.3,84.1,Running
742,24,2025-03-29,94.84,85.9,80.14,67.01,Running
743,24,2025-03-30,78.94,93.98,67.96,92.25,Running
744,24,2025-03-31,70.39,86.89,99.91,71.86,Running
745,25,2025-03-01,57.1,57.48,51.64,86.7,Running
746,25,2025-03-02,60.79,57.97,84.66,89.87,Offline
747,25,2025-03-03,89.23,85.89,83.43,56.77,Offline
748,25,2025-03-04,56.48,88.75,62.88,67.6,Offline
749,25,2025-03-05,74.76,86.4,83.31,85.87,Running
750,25,2025-03-06,66.83,67.95,61.96,60.92,Offline
751,25,2025-03-07,70.76,72.57,77.7,89.7,Offline
752,25,2025-03-08,57.12,69.52,60.42,53.45,Running
753,25,2025-03-09,98.67,57.61,82.01,55.34,Running
754,25,2025-03-10,72.23,54.75,64.06,88.15,Offline
755,25,2025-03-11,55.96,51.77,57.36,58.95,Offline
756,25,2025-03-12,56.44,72.7,88.75,89.74,Offline
757,25,2025-03-13,98.71,92.12,55.34,75.47,Running
758,25,2025-03-14,94.52,63.98,53.9,70.03,Running
759,25,2025-03-15,87.93,67.13,77.05,53.93,Offline
760,25,2025-03-16,87.25,85.53,84.59,61.55,Running
761,25,2025-03-17,59.72,82.89,97.08,96.54,Running
762,25,2025-03-18,93.93,92.93,87.56,80.08,Offline
763,25,2025-03-19,65.18,51.02,66.28,90.47,Running
764,25,2025-03-20,72.01,74.71,53.33,91.72,Offline
765,25,2025-03-21,68.44,58.54,52.17,55.55,Offline
766,25,2025-03-22,61.46,83.8,91.56,78.5,Running
767,25,2025-03-23,74.37,54.4,50.13,97.11,Offline
768,25,2025-03-24,97.1,83.76,65.5,65.41,Offline
769,25,2025-03-25,86.3,77.62,97.34,70.6,Running
770,25,2025-03-26,100.0,89.37,98.63,71.27,Offline
771,25,2025-03-27,68.66,87.35,54.05,57.04,Running
772,25,2025-03-28,84.8,61.01,78.51,97.74,Offline
773,25,2025-03-29,98.84,72.53,68.51,91.54,Running
774,25,2025-03-30,98.74,79.4,91.83,82.51,Running
775,25,2025-03-31,53.05,60.82,80.39,73.48,Running
776,26,2025-03-01,86.41,97.42,74.81,52.94,Offline
777,26,2025-03-02,52.09,59.19,80.79,74.19,Running
778,26,2025-03-03,54.6,90.19,51.0,84.05,Running
779,26,2025-03-04,77.16,68.64,53.24,81.18,Offline
780,26,2025-03-05,51.51,89.08,65.9,88.74,Running
781,26,2025-03-06,81.29,51.88,50.55,57.51,Offline
782,26,2025-03-07,53.71,97.84,94.74,90.59,Offline
783,26,2025-03-08,54.43,58.94,79.11,70.92,Running
784,26,2025-03-09,56.04,97.51,69.62,60.93,Running
785,26,2025-03-10,65.0,97.39,63.94,98.01,Running
786,26,2025-03-11,60.9,77.04,70.68,93.29,Running
787,26,2025-03-12,51.51,68.89,65.12,79.44,Running
788,26,2025-03-13,99.85,67.76,96.23,99.96,Running
789,26,2025-03-14,91.27,81.91,68.43,89.36,Running
790,26,2025-03-15,91.75,73.11,72.28,57.72,Running
791,26,2025-03-16,53.44,52.16,69.89,89.18,Running
792,26,2025-03-17,98.02,69.2,67.81,72.63,Running
793,26,2025-03-18,64.56,64.42,50.44,91.68,Offline
794,26,2025-03-19,99.1,62.06,79.26,56.42,Offline
795,26,2025-03-20,78.71,99.56,95.33,51.87,Offline
796,26,2025-03-21,53.66,57.94,88.21,66.13,Offline
797,26,2025-03-22,68.41,78.02,60.16,55.45,Running
798,26,2025-03-23,94.27,51.21,81.21,83.46,Offline
799,26,2025-03-24,61.47,88.32,78.89,59.4,Running
800,26,2025-03-25,85.63,57.08,73.9,70.55,Offline
801,26,2025-03-26,81.18,79.53,51.53,51.54,Offline
802,26,2025-03-27,59.62,62.01,60.7,75.3,Running
803,26,2025-03-28,77.44,98.49,65.47,59.46,Running
804,26,2025-03-29,89.25,83.19,53.19,74.58,Offline
805,26,2025-03-30,80.0,71.94,81.24,53.74,Offline
806,26,2025-03-31,61.19,76.91,79.28,77.02,Offline
807,27,2025-03-01,97.52,97.9,81.07,69.88,Running
808,27,2025-03-02,93.49,50.39,72.35,96.16,Running
809,27,2025-03-03,81.27,67.43,54.01,80.2,Offline
810,27,2025-03-04,91.87,74.1,63.64,61.32,Running
811,27,2025-03-05,69.81,56.15,68.82,69.1,Offline
812,27,2025-03-06,77.55,91.3,54.6,61.1,Running
813,27,2025-03-07,51.72,78.58,50.7,68.75,Running
814,27,2025-03-08,62.52,53.75,54.59,80.65,Offline
815,27,2025-03-09,56.29,73.18,72.66,77.46,Running
816,27,2025-03-10,66.0,70.54,77.45,62.54,Offline
817,27,2025-03-11,93.38,81.91,67.3,55.26,Offline
818,27,2025-03-12,87.72,63.88,81.18,64.68,Offline
819,27,2025-03-13,75.19,72.12,64.26,54.5,Running
820,27,2025-03-14,82.0,60.54,54.59,55.61,Running
821,27,2025-03-15,86.85,52.55,76.26,57.08,Offline
822,27,2025-03-16,93.51,55.17,90.2,64.16,Running
823,27,2025-03-17,58.27,98.49,54.16,77.37,Offline
824,27,2025-03-18,99.7,67.87,97.12,82.64,Running
825,27,2025-03-19,87.32,72.1,76.27,71.14,Running
826,27,2025-03-20,85.63,98.59,74.03,75.58,Offline
827,27,2025-03-21,59.24,54.82,85.73,86.49,Running
828,27,2025-03-22,72.63,94.8,96.63,60.19,Offline
829,27,2025-03-23,73.99,77.88,51.14,99.87,Offline
830,27,2025-03-24,95.44,51.57,50.08,60.2,Offline
831,27,2025-03-25,82.83,87.45,54.56,86.51,Offline
832,27,2025-03-26,89.63,82.37,94.87,87.47,Running
833,27,2025-03-27,81.38,66.08,53.6,92.11,Running
834,27,2025-03-28,85.1,70.47,51.96,79.77,Offline
835,27,2025-03-29,52.73,91.89,81.47,98.54,Running
836,27,2025-03-30,95.69,73.03,68.29,63.41,Offline
837,27,2025-03-31,78.43,69.33,62.31,93.62,Offline
838,28,2025-03-01,69.63,63.88,80.12,84.91,Offline
839,28,2025-03-02,75.65,58.86,85.53,88.81,Running
840,28,2025-03-03,64.47,90.24,53.64,87.74,Offline
841,28,2025-03-04,72.42,82.21,72.45,50.41,Offline
842,28,2025-03-05,93.69,93.37,74.15,79.71,Running
843,28,2025-03-06,97.75,62.0,70.43,99.24,Offline
844,28,2025-03-07,83.43,85.05,55.42,76.27,Offline
845,28,2025-03-08,58.57,88.15,50.45,56.49,Running
846,28,2025-03-09,75.06,60.28,89.44,57.75,Offline
847,28,2025-03-10,88.57,90.7,62.27,87.41,Offline
848,28,2025-03-11,63.54,53.43,77.59,93.68,Running
849,28,2025-03-12,86.93,62.46,57.87,64.11,Offline
850,28,2025-03-13,77.18,95.67,82.77,98.41,Offline
851,28,2025-03-14,80.99,96.68,66.46,64.54,Offline
852,28,2025-03-15,72.91,57.58,56.85,76.72,Offline
853,28,2025-03-16,66.87,82.53,68.37,61.84,Offline
854,28,2025-03-17,66.78,79.83,93.96,95.84,Running
855,28,2025-03-18,99.33,91.5,75.44,90.31,Offline
856,28,2025-03-19,72.19,80.55,98.99,78.13,Offline
857,28,2025-03-20,84.69,76.52,62.77,61.02,Running
858,28,2025-03-21,98.32,81.94,69.71,51.72,Offline
859,28,2025-03-22,83.34,95.62,55.89,90.24,Running
860,28,2025-03-23,90.76,71.27,57.35,80.83,Offline
861,28,2025-03-24,95.43,95.97,77.94,85.49,Running
862,28,2025-03-25,88.31,86.07,57.14,93.22,Running
863,28,2025-03-26,60.76,85.06,64.29,78.34,Offline
864,28,2025-03-27,52.49,53.35,74.39,56.25,Offline
865,28,2025-03-28,72.92,80.67,79.75,53.73,Offline
866,28,2025-03-29,62.16,95.99,58.87,58.44,Running
867,28,2025-03-30,55.42,93.88,73.11,87.9,Offline
868,28,2025-03-31,72.25,66.57,94.68,72.23,Offline
869,29,2025-03-01,99.69,96.47,67.88,86.94,Offline
870,29,2025-03-02,63.07,54.28,97.46,60.19,Running
871,29,2025-03-03,90.35,55.66,75.0,93.76,Running
872,29,2025-03-04,96.23,54.91,90.35,92.67,Running
873,29,2025-03-05,51.34,86.38,82.15,68.41,Offline
874,29,2025-03-06,86.12,51.45,71.55,73.57,Running
875,29,2025-03-07,69.63,88.33,77.78,55.7,Running
876,29,2025-03-08,98.25,65.81,57.97,90.27,Running
877,29,2025-03-09,90.74,93.73,70.32,54.81,Running
878,29,2025-03-10,54.31,63.61,55.57,94.29,Running
879,29,2025-03-11,64.88,64.15,96.36,84.96,Running
880,29,2025-03-12,63.94,85.92,99.04,74.38,Offline
881,29,2025-03-13,66.38,73.96,80.18,71.96,Offline
882,29,2025-03-14,84.42,97.79,78.48,92.45,Running
883,29,2025-03-15,88.89,56.36,74.35,65.87,Offline
884,29,2025-03-16,78.62,94.85,54.57,80.14,Running
885,29,2025-03-17,90.9,83.3,86.7,67.99,Running
886,29,2025-03-18,72.02,68.44,85.6,82.81,Running
887,29,2025-03-19,66.76,99.75,54.72,54.92,Running
888,29,2025-03-20,70.1,69.43,68.61,64.7,Offline
889,29,2025-03-21,59.83,92.45,65.22,91.98,Running
890,29,2025-03-22,96.06,82.49,72.57,56.77,Offline
891,29,2025-03-23,77.63,66.14,55.26,61.92,Running
892,29,2025-03-24,71.91,89.44,98.47,98.22,Running
893,29,2025-03-25,96.22,95.85,69.28,95.82,Running
894,29,2025-03-26,67.36,86.89,53.87,54.28,Running
895,29,2025-03-27,82.96,61.62,77.07,50.15,Running
896,29,2025-03-28,78.05,72.59,93.49,63.38,Offline
897,29,2025-03-29,70.5,52.78,55.07,97.39,Offline
898,29,2025-03-30,70.8,74.8,69.3,98.18,Offline
899,29,2025-03-31,61.62,57.49,89.07,79.16,Running
900,30,2025-03-01,80.38,76.47,68.42,69.74,Running
901,30,2025-03-02,65.7,68.06,54.56,91.93,Offline
902,30,2025-03-03,87.91,96.87,86.33,70.31,Running
903,30,2025-03-04,51.44,81.14,52.62,59.64,Offline
904,30,2025-03-05,50.14,86.27,62.28,65.15,Offline
905,30,2025-03-06,55.26,87.77,73.24,94.72,Offline
906,30,2025-03-07,87.68,61.46,51.93,86.37,Offline
907,30,2025-03-08,52.34,85.54,91.09,60.29,Running
908,30,2025-03-09,75.19,56.19,53.57,61.36,Offline
909,30,2025-03-10,87.74,63.27,96.33,78.06,Running
910,30,2025-03-11,81.89,93.53,67.79,59.27,Running
911,30,2025-03-12,86.9,73.92,57.21,64.76,Running
912,30,2025-03-13,60.04,54.17,70.33,85.63,Offline
913,30,2025-03-14,68.94,93.46,69.83,81.33,Offline
914,30,2025-03-15,51.28,52.1,57.85,70.06,Offline
915,30,2025-03-16,65.77,80.55,99.26,69.05,Running
916,30,2025-03-17,68.6,67.33,93.54,59.51,Offline
917,30,2025-03-18,93.52,97.43,83.9,80.51,Offline
918,30,2025-03-19,85.64,93.94,61.28,76.7,Offline
919,30,2025-03-20,77.82,60.2,72.14,82.65,Offline
920,30,2025-03-21,83.98,76.81,57.85,51.84,Offline
921,30,2025-03-22,80.82,84.55,99.9,54.01,Offline
922,30,2025-03-23,87.88,96.61,97.99,96.94,Running
923,30,2025-03-24,94.11,71.02,94.07,67.62,Offline
924,30,2025-03-25,56.4,96.67,50.23,56.11,Running
925,30,2025-03-26,79.98,96.07,62.28,55.28,Running
926,30,2025-03-27,67.79,86.69,53.69,78.85,Offline
927,30,2025-03-28,62.27,61.11,69.67,68.22,Running
928,30,2025-03-29,90.5,97.04,84.74,90.93,Running
929,30,2025-03-30,81.19,60.33,82.92,50.2,Offline
930,30,2025-03-31,82.37,55.07,76.63,74.38,Running
931,31,2025-03-01,80.87,69.33,61.08,50.03,Offline
932,31,2025-03-02,64.3,81.88,81.05,78.2,Running
933,31,2025-03-03,74.23,73.9,74.68,80.15,Running
934,31,2025-03-04,90.68,81.66,57.43,80.41,Running
935,31,2025-03-05,64.75,79.83,60.54,71.41,Running
936,31,2025-03-06,92.66,74.2,58.55,78.85,Offline
937,31,2025-03-07,66.37,98.82,74.12,81.27,Running
938,31,2025-03-08,97.48,97.41,71.21,73.04,Running
939,31,2025-03-09,60.13,52.59,57.38,72.1,Offline
940,31,2025-03-10,55.22,50.19,90.27,65.71,Offline
941,31,2025-03-11,96.9,59.31,83.11,78.5,Running
942,31,2025-03-12,58.47,52.5,54.01,50.83,Offline
943,31,2025-03-13,50.83,74.95,51.97,93.49,Running
944,31,2025-03-14,55.66,96.82,70.27,61.03,Running
945,31,2025-03-15,79.38,70.34,69.72,92.3,Offline
946,31,2025-03-16,82.96,66.22,65.87,57.07,Running
947,31,2025-03-17,61.95,70.24,63.63,76.94,Offline
948,31,2025-03-18,78.81,89.01,74.0,97.78,Running
949,31,2025-03-19,95.81,68.69,63.16,64.09,Offline
950,31,2025-03-20,94.69,73.05,54.15,67.36,Offline
951,31,2025-03-21,60.54,73.08,60.39,76.46,Offline
952,31,2025-03-22,61.0,66.62,94.62,99.88,Running
953,31,2025-03-23,56.15,80.52,59.51,68.5,Running
954,31,2025-03-24,67.43,81.42,60.11,79.15,Running
955,31,2025-03-25,63.06,56.89,75.54,65.16,Offline
956,31,2025-03-26,70.8,91.23,56.31,76.26,Offline
957,31,2025-03-27,81.81,97.87,88.36,68.33,Running
958,31,2025-03-28,60.03,83.19,63.19,97.41,Running
959,31,2025-03-29,95.14,51.47,84.66,93.82,Running
960,31,2025-03-30,80.69,89.86,73.78,81.32,Running
961,31,2025-03-31,64.95,80.94,72.5,99.63,Offline
962,32,2025-03-01,84.61,70.13,62.05,85.28,Offline
963,32,2025-03-02,99.39,50.41,89.08,85.07,Offline
964,32,2025-03-03,55.28,94.96,87.77,89.44,Offline
965,32,2025-03-04,96.17,86.15,95.34,52.93,Running
966,32,2025-03-05,89.16,88.99,75.61,71.02,Running
967,32,2025-03-06,56.62,64.81,84.46,80.75,Offline
968,32,2025-03-07,73.86,93.82,58.33,63.5,Running
969,32,2025-03-08,87.24,93.63,66.1,72.95,Offline
970,32,2025-03-09,73.33,53.01,91.31,75.85,Offline
971,32,2025-03-10,64.32,91.07,93.55,89.83,Running
972,32,2025-03-11,63.49,95.86,92.83,79.77,Offline
973,32,2025-03-12,78.86,81.4,85.5,57.79,Offline
974,32,2025-03-13,83.86,59.25,99.74,54.43,Running
975,32,2025-03-14,63.76,65.44,85.1,76.47,Offline
976,32,2025-03-15,92.84,80.72,56.27,86.31,Offline
977,32,2025-03-16,66.25,92.92,67.84,61.13,Offline
978,32,2025-03-17,62.18,67.78,95.36,81.29,Running
979,32,2025-03-18,71.06,61.95,74.51,59.28,Running
980,32,2025-03-19,80.88,87.74,73.4,69.13,Running
981,32,2025-03-20,84.63,85.82,95.37,57.5,Running
982,32,2025-03-21,91.13,88.88,86.59,98.7,Offline
983,32,2025-03-22,62.79,65.43,83.19,64.13,Offline
984,32,2025-03-23,64.78,98.2,87.35,97.56,Running
985,32,2025-03-24,77.02,95.59,67.27,80.6,Running
986,32,2025-03-25,51.66,83.33,56.45,70.99,Running
987,32,2025-03-26,70.35,69.52,77.3,94.3,Offline
988,32,2025-03-27,78.88,94.27,64.85,72.01,Offline
989,32,2025-03-28,80.43,76.0,96.92,97.96,Offline
990,32,2025-03-29,82.95,77.69,70.53,88.16,Offline
991,32,2025-03-30,66.84,65.01,74.51,77.1,Running
992,32,2025-03-31,85.7,86.0,96.62,57.81,Running
993,33,2025-03-01,71.66,75.46,79.47,81.87,Running
994,33,2025-03-02,89.75,61.84,57.47,76.62,Offline
995,33,2025-03-03,67.73,98.94,77.66,81.75,Offline
996,33,2025-03-04,69.94,51.1,95.61,51.99,Offline
997,33,2025-03-05,92.69,93.93,71.86,73.7,Running
998,33,2025-03-06,89.54,72.84,97.94,81.06,Offline
999,33,2025-03-07,79.29,58.74,50.74,98.47,Running
1000,33,2025-03-08,70.47,53.56,65.47,50.38,Running
1001,33,2025-03-09,57.36,64.5,88.03,61.11,Offline
1002,33,2025-03-10,96.32,65.91,57.58,57.82,Running
1003,33,2025-03-11,63.6,52.66,55.06,87.52,Running
1004,33,2025-03-12,64.73,70.56,60.96,55.22,Running
1005,33,2025-03-13,50.29,54.66,92.19,53.13,Running
1006,33,2025-03-14,98.04,58.81,55.28,92.65,Running
1007,33,2025-03-15,70.52,86.39,92.22,83.81,Running
1008,33,2025-03-16,97.14,68.21,62.57,95.29,Running
1009,33,2025-03-17,79.32,83.04,53.68,59.4,Offline
1010,33,2025-03-18,63.43,76.88,76.67,50.11,Offline
1011,33,2025-03-19,73.29,82.38,99.2,59.48,Running
1012,33,2025-03-20,55.73,70.63,61.24,99.63,Offline
1013,33,2025-03-21,82.34,68.37,65.48,83.3,Offline
1014,33,2025-03-22,71.44,73.47,97.25,88.78,Running
1015,33,2025-03-23,75.88,51.47,52.53,68.46,Offline
1016,33,2025-03-24,76.28,80.33,78.24,68.52,Offline
1017,33,2025-03-25,61.62,51.46,84.22,85.91,Running
1018,33,2025-03-26,81.19,56.36,55.35,57.9,Running
1019,33,2025-03-27,97.96,83.75,96.78,72.32,Offline
1020,33,2025-03-28,57.72,74.28,59.34,57.38,Offline
1021,33,2025-03-29,79.61,84.67,85.86,90.85,Offline
1022,33,2025-03-30,89.86,76.45,95.03,74.53,Running
1023,33,2025-03-31,77.84,93.35,92.3,71.89,Running
1024,34,2025-03-01,58.97,71.8,59.51,91.02,Offline
1025,34,2025-03-02,54.81,55.76,58.04,88.78,Offline
1026,34,2025-03-03,97.61,83.97,76.21,74.68,Running
1027,34,2025-03-04,73.79,95.91,98.37,88.65,Offline
1028,34,2025-03-05,59.18,52.39,96.74,91.56,Offline
1029,34,2025-03-06,55.29,50.85,72.24,92.5,Running
1030,34,2025-03-07,68.2,89.16,98.24,59.05,Running
1031,34,2025-03-08,57.92,87.91,72.65,60.57,Offline
1032,34,2025-03-09,54.95,55.7,90.12,55.78,Offline
1033,34,2025-03-10,77.66,81.76,73.15,92.15,Running
1034,34,2025-03-11,53.19,90.63,64.68,60.62,Running
1035,34,2025-03-12,86.8,83.23,61.39,55.89,Running
1036,34,2025-03-13,88.49,74.09,95.55,97.86,Running
1037,34,2025-03-14,85.17,75.63,60.19,50.23,Running
1038,34,2025-03-15,70.36,83.7,97.35,77.16,Offline
1039,34,2025-03-16,88.17,92.0,72.62,72.83,Offline
1040,34,2025-03-17,70.07,60.29,61.91,99.07,Running
1041,34,2025-03-18,59.3,88.57,96.87,88.05,Offline
1042,34,2025-03-19,94.91,71.64,89.06,91.34,Offline
1043,34,2025-03-20,56.36,97.04,67.74,95.76,Offline
1044,34,2025-03-21,96.74,88.36,93.5,79.26,Offline
1045,34,2025-03-22,99.23,97.31,83.33,63.75,Running
1046,34,2025-03-23,76.44,76.04,64.81,99.52,Running
1047,34,2025-03-24,81.37,56.94,99.7,87.47,Running
1048,34,2025-03-25,88.69,66.79,68.23,78.84,Offline
1049,34,2025-03-26,86.93,88.74,50.38,91.44,Offline
1050,34,2025-03-27,89.32,74.52,71.46,50.3,Running
1051,34,2025-03-28,50.66,64.21,93.9,75.7,Offline
1052,34,2025-03-29,55.67,85.99,71.19,73.25,Offline
1053,34,2025-03-30,78.28,87.15,79.3,98.54,Running
1054,34,2025-03-31,60.46,93.64,80.62,99.45,Offline
1055,35,2025-03-01,71.19,61.83,92.09,68.06,Running
1056,35,2025-03-02,70.51,81.68,74.29,91.54,Offline
1057,35,2025-03-03,87.04,89.21,56.75,82.42,Running
1058,35,2025-03-04,55.43,52.71,88.3,61.51,Offline
1059,35,2025-03-05,71.82,77.0,93.13,63.12,Running
1060,35,2025-03-06,52.04,92.57,50.64,66.13,Offline
1061,35,2025-03-07,92.99,93.32,65.23,88.56,Offline
1062,35,2025-03-08,51.08,88.16,83.27,65.01,Running
1063,35,2025-03-09,67.75,57.32,61.76,51.58,Offline
1064,35,2025-03-10,76.53,73.13,84.28,63.59,Running
1065,35,2025-03-11,77.0,98.34,83.27,56.11,Offline
1066,35,2025-03-12,72.31,71.04,60.02,81.42,Offline
1067,35,2025-03-13,52.62,78.32,52.92,74.56,Running
1068,35,2025-03-14,55.38,53.06,60.12,60.29,Running
1069,35,2025-03-15,80.69,83.49,99.72,82.13,Running
1070,35,2025-03-16,64.39,76.56,78.21,79.41,Offline
1071,35,2025-03-17,61.06,56.1,79.16,55.54,Running
1072,35,2025-03-18,85.36,86.19,98.26,52.28,Running
1073,35,2025-03-19,76.68,58.09,72.33,86.02,Offline
1074,35,2025-03-20,56.21,75.99,93.05,74.15,Offline
1075,35,2025-03-21,76.48,98.83,90.91,62.57,Running
1076,35,2025-03-22,54.34,76.83,55.1,74.89,Running
1077,35,2025-03-23,69.56,81.56,72.64,88.57,Running
1078,35,2025-03-24,85.07,94.47,69.58,97.44,Running
1079,35,2025-03-25,51.01,58.91,53.62,53.56,Running
1080,35,2025-03-26,74.4,64.51,78.42,68.76,Offline
1081,35,2025-03-27,53.06,88.86,91.79,99.59,Running
1082,35,2025-03-28,87.64,52.34,70.5,65.27,Running
1083,35,2025-03-29,55.08,87.38,56.82,99.79,Running
1084,35,2025-03-30,88.08,79.14,72.77,70.08,Running
1085,35,2025-03-31,80.62,78.41,77.53,78.22,Offline
1086,36,2025-03-01,62.86,72.67,99.01,99.0,Running
1087,36,2025-03-02,76.68,62.85,64.43,89.62,Offline
1088,36,2025-03-03,54.15,57.47,69.27,61.72,Offline
1089,36,2025-03-04,73.96,90.26,82.14,69.82,Offline
1090,36,2025-03-05,91.21,75.35,55.47,98.98,Running
1091,36,2025-03-06,63.54,95.8,80.19,51.04,Running
1092,36,2025-03-07,63.41,73.83,82.91,55.06,Offline
1093,36,2025-03-08,70.95,79.68,62.59,55.52,Running
1094,36,2025-03-09,70.5,81.1,82.53,96.36,Offline
1095,36,2025-03-10,56.99,92.51,51.15,78.06,Offline
1096,36,2025-03-11,80.34,56.39,70.84,54.61,Offline
1097,36,2025-03-12,95.13,58.6,62.56,62.23,Offline
1098,36,2025-03-13,77.66,74.59,99.77,74.83,Offline
1099,36,2025-03-14,88.31,75.7,77.55,93.92,Running
1100,36,2025-03-15,69.07,74.53,79.14,99.46,Offline
1101,36,2025-03-16,73.38,56.16,52.14,77.65,Offline
1102,36,2025-03-17,86.15,73.01,91.71,53.95,Running
1103,36,2025-03-18,75.93,82.3,51.08,97.24,Offline
1104,36,2025-03-19,68.29,86.73,75.32,58.56,Running
1105,36,2025-03-20,98.44,78.27,70.16,77.4,Offline
1106,36,2025-03-21,60.5,52.63,58.07,68.69,Offline
1107,36,2025-03-22,59.43,51.2,63.37,79.72,Running
1108,36,2025-03-23,81.74,86.29,63.95,50.26,Running
1109,36,2025-03-24,73.58,52.29,90.07,61.45,Running
1110,36,2025-03-25,78.07,95.97,62.43,50.38,Offline
1111,36,2025-03-26,98.34,96.23,62.21,89.44,Running
1112,36,2025-03-27,68.35,75.27,71.7,76.94,Running
1113,36,2025-03-28,56.66,71.59,54.02,96.03,Offline
1114,36,2025-03-29,85.92,91.02,69.4,79.41,Offline
1115,36,2025-03-30,73.39,55.79,72.94,65.74,Offline
1116,36,2025-03-31,68.18,58.09,56.43,96.96,Offline
1117,37,2025-03-01,55.11,83.58,60.07,97.91,Running
1118,37,2025-03-02,65.14,73.82,85.54,67.35,Offline
1119,37,2025-03-03,52.05,75.13,78.87,59.04,Running
1120,37,2025-03-04,98.14,67.91,72.68,55.36,Offline
1121,37,2025-03-05,70.12,70.94,61.63,62.65,Offline
1122,37,2025-03-06,80.38,70.17,86.33,85.52,Running
1123,37,2025-03-07,94.77,60.63,81.2,92.41,Offline
1124,37,2025-03-08,73.15,62.82,72.07,76.78,Running
1125,37,2025-03-09,77.71,53.53,51.4,83.68,Running
1126,37,2025-03-10,96.57,75.5,64.08,94.67,Running
1127,37,2025-03-11,50.66,81.62,91.56,88.56,Offline
1128,37,2025-03-12,95.39,88.56,80.31,66.94,Offline
1129,37,2025-03-13,94.14,84.83,56.68,74.04,Offline
1130,37,2025-03-14,89.3,83.22,52.11,51.64,Running
1131,37,2025-03-15,73.22,72.54,94.97,69.32,Offline
1132,37,2025-03-16,65.24,58.45,69.79,77.12,Running
1133,37,2025-03-17,79.94,70.28,99.02,57.35,Running
1134,37,2025-03-18,75.34,80.25,87.81,57.74,Running
1135,37,2025-03-19,87.31,93.52,62.28,58.01,Running
1136,37,2025-03-20,81.69,71.16,51.07,68.4,Offline
1137,37,2025-03-21,61.03,78.29,65.07,83.84,Running
1138,37,2025-03-22,69.3,57.44,85.39,56.99,Offline
1139,37,2025-03-23,57.98,66.45,75.94,87.04,Offline
1140,37,2025-03-24,88.23,57.84,66.06,91.98,Offline
1141,37,2025-03-25,99.52,88.61,95.49,54.23,Offline
1142,37,2025-03-26,75.26,69.32,63.04,60.64,Running
1143,37,2025-03-27,78.2,70.52,95.87,58.28,Running
1144,37,2025-03-28,65.45,80.89,71.38,92.13,Offline
1145,37,2025-03-29,97.41,92.8,86.21,95.32,Running
1146,37,2025-03-30,76.76,52.16,62.36,75.22,Offline
1147,37,2025-03-31,60.83,73.15,93.47,88.37,Running
1148,38,2025-03-01,74.56,50.12,67.08,68.86,Offline
1149,38,2025-03-02,60.09,81.58,60.43,51.52,Offline
1150,38,2025-03-03,75.74,79.44,95.0,74.85,Running
1151,38,2025-03-04,92.56,83.28,65.19,58.92,Running
1152,38,2025-03-05,61.81,51.03,75.28,60.31,Offline
1153,38,2025-03-06,98.93,80.24,69.95,90.32,Running
1154,38,2025-03-07,58.83,73.15,53.91,65.87,Running
1155,38,2025-03-08,57.69,89.92,52.19,78.97,Offline
1156,38,2025-03-09,91.78,62.5,94.98,56.98,Running
1157,38,2025-03-10,58.15,98.16,85.95,77.69,Running
1158,38,2025-03-11,53.49,90.09,80.31,97.09,Offline
1159,38,2025-03-12,52.5,52.3,83.79,75.67,Running
1160,38,2025-03-13,58.31,78.89,51.53,74.44,Offline
1161,38,2025-03-14,86.09,78.89,77.01,96.05,Offline
1162,38,2025-03-15,52.74,53.16,61.62,82.16,Running
1163,38,2025-03-16,66.82,60.38,76.42,53.13,Running
1164,38,2025-03-17,98.85,85.29,87.97,64.71,Offline
1165,38,2025-03-18,60.48,93.68,86.51,54.29,Offline
1166,38,2025-03-19,60.2,80.91,55.57,52.66,Offline
1167,38,2025-03-20,54.72,59.78,79.8,56.33,Offline
1168,38,2025-03-21,75.39,74.0,87.02,69.85,Running
1169,38,2025-03-22,57.15,75.5,77.94,72.67,Running
1170,38,2025-03-23,80.21,79.85,92.75,93.89,Running
1171,38,2025-03-24,52.67,84.33,95.3,66.38,Running
1172,38,2025-03-25,64.89,56.52,91.82,67.41,Offline
1173,38,2025-03-26,58.12,77.64,78.0,70.82,Offline
1174,38,2025-03-27,95.18,65.78,59.56,91.56,Running
1175,38,2025-03-28,50.27,65.14,96.37,59.14,Running
1176,38,2025-03-29,85.83,54.15,88.23,92.85,Offline
1177,38,2025-03-30,99.94,50.34,85.66,61.59,Offline
1178,38,2025-03-31,74.98,87.94,57.48,88.98,Offline
1179,39,2025-03-01,87.19,58.95,91.64,92.51,Running
1180,39,2025-03-02,63.35,70.55,78.76,54.39,Running
1181,39,2025-03-03,82.62,60.25,89.54,60.55,Running
1182,39,2025-03-04,71.1,83.75,91.08,79.34,Running
1183,39,2025-03-05,64.33,64.67,94.42,55.17,Running
1184,39,2025-03-06,67.5,57.21,71.81,84.47,Offline
1185,39,2025-03-07,81.12,51.82,72.95,60.76,Offline
1186,39,2025-03-08,73.44,72.94,60.96,70.19,Offline
1187,39,2025-03-09,74.47,59.25,99.63,99.0,Offline
1188,39,2025-03-10,94.34,51.88,86.33,93.73,Offline
1189,39,2025-03-11,72.14,97.39,94.76,66.68,Offline
1190,39,2025-03-12,82.27,60.59,73.0,79.62,Running
1191,39,2025-03-13,73.15,88.01,55.35,66.04,Offline
1192,39,2025-03-14,91.2,93.16,61.3,50.54,Offline
1193,39,2025-03-15,52.12,56.48,50.65,86.18,Running
1194,39,2025-03-16,57.99,71.62,57.63,55.72,Running
1195,39,2025-03-17,96.62,56.98,66.74,54.14,Running
1196,39,2025-03-18,80.65,67.91,82.2,70.56,Offline
1197,39,2025-03-19,88.63,80.13,94.96,57.99,Running
1198,39,2025-03-20,60.01,87.39,52.36,73.08,Running
1199,39,2025-03-21,94.21,50.88,79.94,52.69,Offline
1200,39,2025-03-22,79.65,99.49,87.31,63.02,Offline
1201,39,2025-03-23,97.25,55.61,91.35,75.41,Running
1202,39,2025-03-24,87.03,66.89,64.33,81.26,Offline
1203,39,2025-03-25,79.0,93.21,96.48,80.27,Running
1204,39,2025-03-26,60.77,72.3,99.11,78.82,Offline
1205,39,2025-03-27,80.57,58.81,57.07,97.65,Offline
1206,39,2025-03-28,96.66,56.26,60.28,87.3,Offline
1207,39,2025-03-29,65.26,52.21,80.33,64.8,Running
1208,39,2025-03-30,58.9,95.52,63.36,85.74,Offline
1209,39,2025-03-31,72.77,97.62,76.56,54.13,Running
1210,40,2025-03-01,68.54,52.44,61.53,64.97,Running
1211,40,2025-03-02,67.84,59.52,78.59,55.78,Offline
1212,40,2025-03-03,90.66,59.79,78.43,73.47,Running
1213,40,2025-03-04,59.42,98.54,84.45,87.05,Running
1214,40,2025-03-05,53.48,78.54,66.36,78.75,Offline
1215,40,2025-03-06,63.8,60.19,71.36,93.52,Running
1216,40,2025-03-07,71.02,97.67,89.95,52.05,Running
1217,40,2025-03-08,73.73,53.72,65.94,69.67,Running
1218,40,2025-03-09,74.09,53.02,86.61,56.5,Running
1219,40,2025-03-10,57.6,63.39,83.86,64.67,Offline
1220,40,2025-03-11,89.74,87.74,91.82,58.26,Running
1221,40,2025-03-12,64.13,63.63,59.39,68.94,Offline
1222,40,2025-03-13,52.45,73.05,94.03,74.54,Running
1223,40,2025-03-14,81.99,85.22,56.16,77.66,Offline
1224,40,2025-03-15,74.27,63.11,96.17,59.24,Offline
1225,40,2025-03-16,70.42,51.81,74.88,62.53,Running
1226,40,2025-03-17,53.12,54.63,79.98,61.25,Offline
1227,40,2025-03-18,70.0,91.62,76.14,69.6,Offline
1228,40,2025-03-19,85.27,81.18,99.93,59.91,Offline
1229,40,2025-03-20,79.88,86.63,51.31,75.57,Offline
1230,40,2025-03-21,60.88,82.87,78.54,59.6,Offline
1231,40,2025-03-22,59.85,63.5,54.18,50.33,Offline
1232,40,2025-03-23,87.04,74.68,72.74,53.57,Offline
1233,40,2025-03-24,67.5,76.84,62.87,98.72,Offline
1234,40,2025-03-25,66.09,70.94,57.4,88.91,Offline
1235,40,2025-03-26,80.58,65.19,64.17,75.01,Offline
1236,40,2025-03-27,55.18,88.42,87.58,57.71,Running
1237,40,2025-03-28,88.62,95.6,59.36,98.18,Offline
1238,40,2025-03-29,80.75,96.58,67.19,64.33,Running
1239,40,2025-03-30,76.91,60.82,80.09,58.53,Running
1240,40,2025-03-31,71.57,59.91,92.06,99.52,Running
1241,41,2025-03-01,90.53,81.4,73.6,92.62,Offline
1242,41,2025-03-02,70.05,98.73,91.81,58.44,Running
1243,41,2025-03-03,57.92,54.09,85.08,84.71,Offline
1244,41,2025-03-04,76.44,64.65,91.21,99.1,Offline
1245,41,2025-03-05,55.66,78.76,65.36,97.81,Offline
1246,41,2025-03-06,50.6,80.92,82.83,54.12,Offline
1247,41,2025-03-07,76.61,69.73,57.04,83.14,Running
1248,41,2025-03-08,57.64,50.87,80.96,61.13,Offline
1249,41,2025-03-09,60.27,58.4,50.63,99.3,Offline
1250,41,2025-03-10,70.37,81.26,97.16,91.97,Offline
1251,41,2025-03-11,66.09,72.08,53.92,76.53,Running
1252,41,2025-03-12,79.15,75.21,75.08,97.36,Offline
1253,41,2025-03-13,77.48,59.11,74.97,83.85,Offline
1254,41,2025-03-14,66.15,71.08,53.0,88.43,Offline
1255,41,2025-03-15,92.65,53.31,94.54,79.99,Running
1256,41,2025-03-16,86.03,98.99,53.43,83.98,Offline
1257,41,2025-03-17,97.73,90.9,87.09,82.69,Offline
1258,41,2025-03-18,71.46,89.25,79.84,79.5,Offline
1259,41,2025-03-19,75.65,53.21,60.75,54.6,Offline
1260,41,2025-03-20,83.61,79.68,61.56,85.48,Running
1261,41,2025-03-21,60.53,96.02,52.34,86.57,Running
1262,41,2025-03-22,93.94,62.18,58.8,77.67,Offline
1263,41,2025-03-23,58.16,67.25,85.08,86.44,Running
1264,41,2025-03-24,66.64,85.71,93.65,97.53,Running
1265,41,2025-03-25,56.52,82.6,83.08,72.46,Offline
1266,41,2025-03-26,68.07,67.7,94.13,95.1,Running
1267,41,2025-03-27,67.54,74.97,55.46,91.28,Offline
1268,41,2025-03-28,77.71,57.17,66.96,72.97,Offline
1269,41,2025-03-29,60.13,53.36,88.32,56.82,Running
1270,41,2025-03-30,77.35,58.4,98.68,92.88,Offline
1271,41,2025-03-31,68.55,76.69,89.58,97.29,Offline
1272,42,2025-03-01,60.21,81.91,57.66,68.15,Offline
1273,42,2025-03-02,55.17,68.33,70.02,61.11,Running
1274,42,2025-03-03,52.0,72.69,62.76,50.92,Running
1275,42,2025-03-04,82.73,66.01,85.27,97.22,Offline
1276,42,2025-03-05,68.17,56.37,73.82,51.67,Offline
1277,42,2025-03-06,55.5,88.62,83.55,54.83,Offline
1278,42,2025-03-07,81.07,99.77,83.83,95.14,Running
1279,42,2025-03-08,92.93,97.57,72.82,66.75,Running
1280,42,2025-03-09,67.8,88.45,95.95,77.61,Running
1281,42,2025-03-10,69.73,96.53,50.68,82.71,Offline
1282,42,2025-03-11,63.31,72.14,89.08,90.23,Running
1283,42,2025-03-12,58.59,63.07,80.45,52.33,Offline
1284,42,2025-03-13,80.59,81.72,86.45,77.8,Running
1285,42,2025-03-14,73.52,71.98,73.24,99.43,Offline
1286,42,2025-03-15,65.11,91.01,82.16,51.33,Offline
1287,42,2025-03-16,76.81,67.66,55.4,74.35,Running
1288,42,2025-03-17,77.36,81.26,74.96,82.4,Offline
1289,42,2025-03-18,72.67,66.63,96.97,68.81,Offline
1290,42,2025-03-19,51.01,97.08,77.92,54.33,Offline
1291,42,2025-03-20,89.68,52.86,62.41,63.13,Offline
1292,42,2025-03-21,97.03,74.16,77.0,64.26,Running
1293,42,2025-03-22,87.78,76.36,59.77,54.65,Running
1294,42,2025-03-23,61.43,85.16,50.91,99.35,Offline
1295,42,2025-03-24,60.42,87.64,92.18,68.81,Offline
1296,42,2025-03-25,94.8,65.68,90.28,73.3,Running
1297,42,2025-03-26,94.66,72.42,92.87,89.42,Running
1298,42,2025-03-27,78.38,85.14,68.0,56.07,Running
1299,42,2025-03-28,67.35,73.81,59.81,51.1,Offline
1300,42,2025-03-29,95.55,74.36,95.45,94.53,Running
1301,42,2025-03-30,83.3,54.46,92.27,84.7,Offline
1302,42,2025-03-31,72.72,67.17,55.62,94.29,Offline
1303,43,2025-03-01,76.03,58.02,73.45,86.54,Running
1304,43,2025-03-02,95.65,73.45,79.84,63.61,Running
1305,43,2025-03-03,87.63,92.22,76.67,84.02,Running
1306,43,2025-03-04,87.53,94.69,95.65,73.05,Running
1307,43,2025-03-05,72.79,74.33,53.25,78.77,Running
1308,43,2025-03-06,66.38,63.99,72.24,71.29,Offline
1309,43,2025-03-07,63.42,92.89,72.72,85.39,Running
1310,43,2025-03-08,90.39,53.49,93.7,51.5,Offline
1311,43,2025-03-09,54.15,51.14,73.29,97.23,Offline
1312,43,2025-03-10,85.04,97.15,60.27,90.38,Running
1313,43,2025-03-11,52.2,98.39,89.63,99.3,Running
1314,43,2025-03-12,89.86,79.35,96.9,79.26,Offline
1315,43,2025-03-13,87.71,70.9,50.29,99.88,Running
1316,43,2025-03-14,97.89,83.42,77.42,95.05,Offline
1317,43,2025-03-15,75.37,68.61,60.75,85.24,Running
1318,43,2025-03-16,52.53,88.94,93.54,80.42,Running
1319,43,2025-03-17,94.69,70.28,80.77,54.39,Running
1320,43,2025-03-18,91.66,71.6,75.5,60.07,Offline
1321,43,2025-03-19,75.32,62.75,88.94,57.5,Running
1322,43,2025-03-20,65.17,70.09,77.61,55.26,Offline
1323,43,2025-03-21,56.12,96.71,64.64,50.87,Running
1324,43,2025-03-22,54.11,80.96,83.13,54.97,Running
1325,43,2025-03-23,66.48,51.25,67.74,74.61,Offline
1326,43,2025-03-24,61.49,72.3,81.7,89.69,Offline
1327,43,2025-03-25,61.37,53.94,68.89,81.52,Offline
1328,43,2025-03-26,69.48,59.74,66.81,67.06,Offline
1329,43,2025-03-27,52.73,68.41,91.89,50.96,Offline
1330,43,2025-03-28,61.31,62.73,74.88,50.13,Running
1331,43,2025-03-29,72.29,84.76,65.6,62.12,Running
1332,43,2025-03-30,95.48,88.75,73.16,54.1,Running
1333,43,2025-03-31,51.85,90.42,69.41,81.3,Offline
1334,44,2025-03-01,61.63,53.3,74.02,83.47,Offline
1335,44,2025-03-02,51.16,94.24,99.52,78.02,Offline
1336,44,2025-03-03,82.28,94.14,91.02,78.41,Offline
1337,44,2025-03-04,61.53,73.97,97.44,96.72,Running
1338,44,2025-03-05,65.12,52.86,74.23,60.83,Running
1339,44,2025-03-06,56.53,57.13,62.87,81.52,Running
1340,44,2025-03-07,77.26,62.15,53.69,98.59,Offline
1341,44,2025-03-08,64.39,76.15,91.09,78.26,Running
1342,44,2025-03-09,78.23,95.81,92.83,78.44,Offline
1343,44,2025-03-10,57.96,94.97,87.04,78.34,Offline
1344,44,2025-03-11,93.22,80.31,51.47,90.72,Offline
1345,44,2025-03-12,66.56,70.99,85.06,93.82,Running
1346,44,2025-03-13,96.72,80.26,80.81,98.54,Running
1347,44,2025-03-14,83.51,54.77,90.5,81.82,Running
1348,44,2025-03-15,87.22,60.45,79.42,86.65,Offline
1349,44,2025-03-16,86.75,56.18,96.57,52.64,Offline
1350,44,2025-03-17,81.15,62.14,52.47,86.59,Offline
1351,44,2025-03-18,77.32,91.67,93.0,52.49,Running
1352,44,2025-03-19,86.68,51.89,56.04,60.63,Running
1353,44,2025-03-20,51.44,92.87,60.1,59.34,Offline
1354,44,2025-03-21,55.03,87.13,67.96,51.75,Running
1355,44,2025-03-22,82.27,66.33,89.54,98.55,Running
1356,44,2025-03-23,88.88,89.5,59.64,86.61,Offline
1357,44,2025-03-24,85.5,94.13,60.08,69.38,Running
1358,44,2025-03-25,72.07,88.03,57.79,57.45,Offline
1359,44,2025-03-26,97.87,82.05,91.59,73.64,Running
1360,44,2025-03-27,53.87,99.9,72.33,59.33,Offline
1361,44,2025-03-28,86.79,74.24,61.38,67.95,Running
1362,44,2025-03-29,91.89,88.17,51.08,51.88,Running
1363,44,2025-03-30,90.21,64.89,55.6,65.54,Running
1364,44,2025-03-31,83.18,52.53,99.95,90.41,Offline
1365,45,2025-03-01,52.56,80.69,96.57,60.64,Running
1366,45,2025-03-02,63.94,65.39,88.08,90.56,Offline
1367,45,2025-03-03,51.99,50.47,73.59,92.98,Running
1368,45,2025-03-04,57.34,83.51,91.26,68.74,Offline
1369,45,2025-03-05,84.8,88.65,82.68,60.56,Offline
1370,45,2025-03-06,84.91,62.94,80.76,73.23,Offline
1371,45,2025-03-07,99.49,66.71,56.74,56.71,Running
1372,45,2025-03-08,55.44,90.52,67.72,99.87,Offline
1373,45,2025-03-09,63.84,98.17,76.63,78.28,Running
1374,45,2025-03-10,72.94,60.48,65.0,95.84,Running
1375,45,2025-03-11,54.24,60.76,71.3,87.31,Running
1376,45,2025-03-12,67.49,55.06,95.95,83.39,Offline
1377,45,2025-03-13,59.41,54.89,82.07,77.31,Offline
1378,45,2025-03-14,60.68,94.48,60.26,90.99,Offline
1379,45,2025-03-15,64.38,63.05,78.06,98.19,Running
1380,45,2025-03-16,80.99,70.98,88.53,67.16,Offline
1381,45,2025-03-17,50.35,64.19,50.72,88.8,Offline
1382,45,2025-03-18,65.04,56.26,97.03,97.29,Running
1383,45,2025-03-19,76.71,59.99,88.94,99.36,Running
1384,45,2025-03-20,92.53,92.37,89.7,71.32,Offline
1385,45,2025-03-21,61.82,90.63,76.98,77.02,Running
1386,45,2025-03-22,70.19,51.1,55.18,60.63,Running
1387,45,2025-03-23,57.46,86.42,96.33,51.43,Offline
1388,45,2025-03-24,50.09,59.66,65.88,76.51,Running
1389,45,2025-03-25,79.95,71.63,97.65,81.24,Running
1390,45,2025-03-26,77.89,98.06,93.45,52.55,Running
1391,45,2025-03-27,77.83,98.38,52.53,88.73,Running
1392,45,2025-03-28,61.45,99.69,94.73,67.22,Running
1393,45,2025-03-29,99.65,83.28,91.2,57.96,Offline
1394,45,2025-03-30,69.88,92.11,54.34,91.7,Offline
1395,45,2025-03-31,56.73,56.7,96.02,91.52,Offline
1396,46,2025-03-01,66.58,82.87,93.73,53.0,Offline
1397,46,2025-03-02,50.63,93.79,50.53,55.77,Offline
1398,46,2025-03-03,56.68,91.94,65.77,80.18,Running
1399,46,2025-03-04,58.6,78.25,90.74,64.87,Offline
1400,46,2025-03-05,93.59,94.52,61.12,59.95,Running
1401,46,2025-03-06,62.22,98.68,64.32,55.45,Running
1402,46,2025-03-07,77.87,59.71,68.48,79.84,Offline
1403,46,2025-03-08,66.95,62.5,50.44,63.53,Offline
1404,46,2025-03-09,96.63,85.48,59.08,77.85,Running
1405,46,2025-03-10,89.99,51.07,89.74,77.26,Running
1406,46,2025-03-11,99.77,64.71,53.41,64.74,Offline
1407,46,2025-03-12,53.7,86.21,61.32,52.21,Running
1408,46,2025-03-13,94.93,66.38,62.99,52.74,Offline
1409,46,2025-03-14,60.76,74.91,77.77,75.4,Offline
1410,46,2025-03-15,61.81,61.18,58.57,53.11,Running
1411,46,2025-03-16,94.1,73.92,54.3,67.15,Offline
1412,46,2025-03-17,60.83,63.97,90.46,89.68,Running
1413,46,2025-03-18,66.11,73.22,61.62,73.12,Offline
1414,46,2025-03-19,97.94,84.11,79.69,99.06,Running
1415,46,2025-03-20,96.82,59.95,93.61,69.81,Running
1416,46,2025-03-21,66.33,96.73,73.68,58.37,Running
1417,46,2025-03-22,60.02,94.58,50.99,51.44,Offline
1418,46,2025-03-23,75.21,55.73,69.22,86.29,Running
1419,46,2025-03-24,60.87,65.8,84.81,62.92,Offline
1420,46,2025-03-25,55.6,98.17,79.87,70.35,Running
1421,46,2025-03-26,71.32,64.37,68.29,94.82,Running
1422,46,2025-03-27,80.67,63.18,73.59,99.49,Running
1423,46,2025-03-28,64.88,71.57,90.84,51.19,Running
1424,46,2025-03-29,82.94,82.64,50.81,75.13,Offline
1425,46,2025-03-30,79.51,83.59,73.32,85.61,Offline
1426,46,2025-03-31,76.29,67.61,59.01,87.23,Running
1427,47,2025-03-01,86.85,67.58,88.6,88.26,Offline
1428,47,2025-03-02,75.08,83.92,51.72,55.26,Offline
1429,47,2025-03-03,89.28,80.78,60.51,55.58,Running
1430,47,2025-03-04,97.17,98.9,91.66,78.69,Running
1431,47,2025-03-05,81.74,90.3,99.17,61.07,Offline
1432,47,2025-03-06,92.97,78.53,85.56,96.79,Offline
1433,47,2025-03-07,53.09,83.01,57.78,58.32,Offline
1434,47,2025-03-08,63.37,89.33,61.42,55.78,Offline
1435,47,2025-03-09,79.33,58.02,50.97,63.69,Offline
1436,47,2025-03-10,50.19,94.07,100.0,63.32,Running
1437,47,2025-03-11,72.46,96.74,61.85,68.23,Offline
1438,47,2025-03-12,81.22,55.58,60.17,86.44,Running
1439,47,2025-03-13,58.65,67.82,70.01,90.8,Offline
1440,47,2025-03-14,71.75,98.93,98.22,95.55,Offline
1441,47,2025-03-15,74.82,50.73,53.51,52.7,Running
1442,47,2025-03-16,53.33,92.61,91.57,52.71,Running
1443,47,2025-03-17,53.58,64.86,71.53,97.61,Running
1444,47,2025-03-18,75.4,70.83,57.81,75.63,Running
1445,47,2025-03-19,66.54,57.61,83.32,65.92,Offline
1446,47,2025-03-20,86.34,55.28,70.08,88.73,Running
1447,47,2025-03-21,59.9,53.18,61.7,73.55,Offline
1448,47,2025-03-22,92.04,86.57,57.85,50.79,Offline
1449,47,2025-03-23,61.13,51.68,93.82,94.46,Offline
1450,47,2025-03-24,91.31,81.44,90.6,73.18,Offline
1451,47,2025-03-25,84.36,92.25,98.35,55.28,Running
1452,47,2025-03-26,78.3,97.22,73.72,54.58,Running
1453,47,2025-03-27,83.26,87.75,81.65,84.28,Running
1454,47,2025-03-28,53.51,73.75,87.6,69.92,Offline
1455,47,2025-03-29,58.59,81.95,67.49,76.91,Running
1456,47,2025-03-30,67.12,64.63,88.26,97.56,Running
1457,47,2025-03-31,70.02,73.67,77.81,68.58,Running
1458,48,2025-03-01,60.97,70.11,57.78,53.25,Running
1459,48,2025-03-02,88.45,68.29,55.23,77.83,Offline
1460,48,2025-03-03,90.64,97.74,92.8,88.74,Offline
1461,48,2025-03-04,53.57,54.79,97.88,50.39,Running
1462,48,2025-03-05,88.9,86.95,70.49,51.1,Offline
1463,48,2025-03-06,85.18,98.28,99.2,67.76,Offline
1464,48,2025-03-07,69.23,57.85,74.6,82.66,Offline
1465,48,2025-03-08,68.5,81.3,83.13,77.39,Offline
1466,48,2025-03-09,52.46,97.29,98.9,65.52,Offline
1467,48,2025-03-10,84.05,95.26,83.19,78.59,Offline
1468,48,2025-03-11,80.49,55.93,60.27,50.04,Running
1469,48,2025-03-12,65.59,65.96,88.21,54.71,Running
1470,48,2025-03-13,77.06,63.53,55.61,83.91,Running
1471,48,2025-03-14,87.0,73.51,90.61,50.45,Offline
1472,48,2025-03-15,58.03,64.92,66.13,61.72,Running
1473,48,2025-03-16,57.42,87.47,60.73,95.12,Offline
1474,48,2025-03-17,96.84,53.06,63.53,76.4,Offline
1475,48,2025-03-18,87.5,80.77,99.45,52.78,Running
1476,48,2025-03-19,97.1,66.43,88.84,80.11,Running
1477,48,2025-03-20,82.45,60.02,75.21,50.28,Running
1478,48,2025-03-21,92.76,69.7,53.33,79.37,Running
1479,48,2025-03-22,62.89,89.15,55.92,55.51,Offline
1480,48,2025-03-23,58.88,52.43,79.04,68.94,Offline
1481,48,2025-03-24,78.94,91.42,94.64,86.18,Running
1482,48,2025-03-25,84.47,85.44,80.87,73.55,Running
1483,48,2025-03-26,94.59,76.41,81.97,52.09,Running
1484,48,2025-03-27,84.04,90.02,82.84,90.57,Offline
1485,48,2025-03-28,57.74,79.16,58.57,88.13,Running
1486,48,2025-03-29,88.52,96.42,77.76,60.2,Offline
1487,48,2025-03-30,93.79,57.06,70.67,78.21,Offline
1488,48,2025-03-31,76.15,64.67,54.55,81.63,Running
1489,49,2025-03-01,75.19,54.97,80.48,83.38,Offline
1490,49,2025-03-02,69.12,69.94,97.33,51.64,Running
1491,49,2025-03-03,95.41,66.06,79.56,87.96,Running
1492,49,2025-03-04,95.9,52.0,74.16,68.09,Running
1493,49,2025-03-05,67.15,67.8,89.45,67.94,Running
1494,49,2025-03-06,76.47,88.74,98.56,89.71,Offline
1495,49,2025-03-07,85.74,54.14,98.85,69.49,Running
1496,49,2025-03-08,53.12,91.33,92.35,53.26,Running
1497,49,2025-03-09,93.55,55.24,73.19,60.33,Running
1498,49,2025-03-10,78.12,88.77,60.91,69.76,Offline
1499,49,2025-03-11,67.88,55.36,64.97,86.22,Offline
1500,49,2025-03-12,81.53,80.8,86.91,56.46,Running
1501,49,2025-03-13,82.28,92.39,66.66,77.23,Running
1502,49,2025-03-14,60.32,82.92,66.75,66.26,Running
1503,49,2025-03-15,85.9,64.33,50.11,68.71,Offline
1504,49,2025-03-16,88.09,81.22,85.33,84.32,Offline
1505,49,2025-03-17,69.2,83.91,54.57,93.41,Running
1506,49,2025-03-18,89.33,71.85,82.78,92.94,Running
1507,49,2025-03-19,75.99,77.6,95.66,63.08,Offline
1508,49,2025-03-20,95.71,54.9,99.43,61.14,Running
1509,49,2025-03-21,53.63,70.7,83.37,90.52,Running
1510,49,2025-03-22,81.82,75.68,79.27,72.29,Offline
1511,49,2025-03-23,81.84,78.87,64.83,78.0,Offline
1512,49,2025-03-24,83.92,50.99,73.11,56.41,Offline
1513,49,2025-03-25,86.11,69.42,83.74,90.58,Running
1514,49,2025-03-26,55.82,52.06,83.26,52.02,Running
1515,49,2025-03-27,84.49,70.89,54.75,54.64,Running
1516,49,2025-03-28,78.67,60.79,54.25,63.45,Running
1517,49,2025-03-29,51.46,57.11,80.62,82.86,Offline
1518,49,2025-03-30,80.89,85.82,63.34,97.46,Offline
1519,49,2025-03-31,68.98,97.84,86.3,63.36,Running
1520,50,2025-03-01,54.97,73.6,64.15,54.23,Running
1521,50,2025-03-02,67.87,86.92,94.66,64.1,Running
1522,50,2025-03-03,85.04,96.79,67.33,89.09,Offline
1523,50,2025-03-04,78.93,75.83,54.93,79.5,Running
1524,50,2025-03-05,73.38,56.9,63.46,55.22,Offline
1525,50,2025-03-06,90.57,64.31,60.94,78.24,Running
1526,50,2025-03-07,83.83,60.73,55.72,64.93,Offline
1527,50,2025-03-08,57.67,66.74,53.08,65.92,Offline
1528,50,2025-03-09,71.33,60.89,94.27,87.79,Running
1529,50,2025-03-10,52.12,94.9,92.69,72.25,Offline
1530,50,2025-03-11,79.68,60.32,67.52,68.05,Offline
1531,50,2025-03-12,50.84,54.96,58.9,89.36,Running
1532,50,2025-03-13,93.4,94.08,55.87,51.65,Running
1533,50,2025-03-14,89.75,71.89,59.18,80.08,Offline
1534,50,2025-03-15,82.16,63.23,69.88,60.54,Offline
1535,50,2025-03-16,83.07,58.8,76.91,89.44,Running
1536,50,2025-03-17,98.52,90.59,51.04,57.32,Offline
1537,50,2025-03-18,71.53,50.37,85.52,76.12,Running
1538,50,2025-03-19,80.52,59.68,79.35,74.19,Offline
1539,50,2025-03-20,70.81,58.6,86.18,50.96,Offline
1540,50,2025-03-21,80.6,68.33,58.51,90.5,Running
1541,50,2025-03-22,58.74,75.01,73.13,89.22,Offline
1542,50,2025-03-23,53.69,51.44,98.27,60.78,Offline
1543,50,2025-03-24,76.81,81.89,65.57,95.13,Running
1544,50,2025-03-25,72.12,73.65,85.72,55.66,Running
1545,50,2025-03-26,78.73,58.84,77.41,74.46,Offline
1546,50,2025-03-27,64.63,50.55,96.19,89.9,Offline
1547,50,2025-03-28,71.68,75.54,79.82,87.48,Running
1548,50,2025-03-29,80.64,72.09,61.21,81.12,Offline
1549,50,2025-03-30,80.53,77.82,78.81,50.69,Running
1550,50,2025-03-31,93.59,69.14,65.55,64.44,Running
